"Date","Price","Open","High","Low","Vol.","Change %"
"04/08/2025","1.5439","1.5459","1.5473","1.5417","","-0.12%"
"03/08/2025","1.5457","1.5445","1.5476","1.5445","","0.11%"
"01/08/2025","1.5439","1.5561","1.5580","1.5399","","-0.80%"
"31/07/2025","1.5563","1.5544","1.5568","1.5438","","0.12%"
"30/07/2025","1.5545","1.5354","1.5563","1.5316","","1.19%"
"29/07/2025","1.5362","1.5340","1.5396","1.5312","","0.18%"
"28/07/2025","1.5335","1.5230","1.5356","1.5181","","0.77%"
"27/07/2025","1.5218","1.5212","1.5222","1.5208","","-0.07%"
"25/07/2025","1.5229","1.5174","1.5265","1.5153","","0.36%"
"24/07/2025","1.5175","1.5153","1.5185","1.5093","","0.18%"
"23/07/2025","1.5148","1.5258","1.5277","1.5143","","-0.71%"
"22/07/2025","1.5257","1.5319","1.5377","1.5246","","-0.45%"
"21/07/2025","1.5326","1.5333","1.5391","1.5295","","-0.23%"
"18/07/2025","1.5361","1.5412","1.5426","1.5286","","-0.33%"
"17/07/2025","1.5412","1.5315","1.5495","1.5305","","0.61%"
"16/07/2025","1.5318","1.5354","1.5398","1.5256","","-0.21%"
"15/07/2025","1.5350","1.5266","1.5368","1.5204","","0.46%"
"14/07/2025","1.5279","1.5213","1.5286","1.5178","","0.53%"
"11/07/2025","1.5198","1.5181","1.5255","1.5160","","0.12%"
"10/07/2025","1.5180","1.5307","1.5313","1.5170","","-0.79%"
"09/07/2025","1.5301","1.5313","1.5364","1.5269","","-0.08%"
"08/07/2025","1.5313","1.5404","1.5408","1.5248","","-0.60%"
"07/07/2025","1.5406","1.5255","1.5421","1.5231","","0.96%"
"04/07/2025","1.5260","1.5214","1.5279","1.5197","","0.28%"
"03/07/2025","1.5217","1.5192","1.5299","1.5178","","0.18%"
"02/07/2025","1.5189","1.5191","1.5284","1.5176","","-0.01%"
"01/07/2025","1.5191","1.5204","1.5261","1.5172","","-0.03%"
"30/06/2025","1.5196","1.5322","1.5334","1.5190","","-0.76%"
"27/06/2025","1.5313","1.5278","1.5366","1.5239","","0.24%"
"26/06/2025","1.5276","1.5359","1.5374","1.5233","","-0.51%"
"25/06/2025","1.5354","1.5413","1.5423","1.5347","","-0.37%"
"24/06/2025","1.5411","1.5482","1.5491","1.5337","","-0.45%"
"23/06/2025","1.5481","1.5534","1.5695","1.5469","","-0.14%"
"20/06/2025","1.5503","1.5427","1.5509","1.5393","","0.48%"
"19/06/2025","1.5429","1.5364","1.5516","1.5354","","0.41%"
"18/06/2025","1.5366","1.5444","1.5462","1.5296","","-0.51%"
"17/06/2025","1.5444","1.5328","1.5467","1.5279","","0.75%"
"16/06/2025","1.5329","1.5405","1.5465","1.5261","","-0.54%"
"13/06/2025","1.5413","1.5307","1.5491","1.5303","","0.70%"
"12/06/2025","1.5306","1.5368","1.5441","1.5303","","-0.50%"
"11/06/2025","1.5383","1.5331","1.5397","1.5275","","0.33%"
"10/06/2025","1.5333","1.5345","1.5410","1.5303","","-0.08%"
"09/06/2025","1.5345","1.5404","1.5412","1.5303","","-0.37%"
"06/06/2025","1.5402","1.5359","1.5436","1.5342","","0.20%"
"05/06/2025","1.5371","1.5404","1.5422","1.5293","","-0.21%"
"04/06/2025","1.5404","1.5475","1.5505","1.5371","","-0.46%"
"03/06/2025","1.5475","1.5397","1.5513","1.5383","","0.53%"
"02/06/2025","1.5394","1.5542","1.5560","1.5381","","-1.00%"
"30/05/2025","1.5549","1.5528","1.5609","1.5496","","0.16%"
"29/05/2025","1.5524","1.5560","1.5609","1.5478","","-0.23%"
"28/05/2025","1.5560","1.5521","1.5602","1.5492","","0.26%"
"27/05/2025","1.5519","1.5421","1.5543","1.5393","","0.65%"
"26/05/2025","1.5419","1.5407","1.5427","1.5295","","0.14%"
"23/05/2025","1.5398","1.5599","1.5606","1.5383","","-1.29%"
"22/05/2025","1.5600","1.5538","1.5609","1.5481","","0.42%"
"21/05/2025","1.5535","1.5572","1.5583","1.5455","","-0.20%"
"20/05/2025","1.5566","1.5486","1.5647","1.5481","","0.51%"
"19/05/2025","1.5487","1.5596","1.5636","1.5465","","-0.84%"
"16/05/2025","1.5618","1.5611","1.5657","1.5534","","0.06%"
"15/05/2025","1.5608","1.5557","1.5650","1.5484","","0.33%"
"14/05/2025","1.5556","1.5455","1.5572","1.5379","","0.66%"
"13/05/2025","1.5454","1.5699","1.5722","1.5434","","-1.53%"
"12/05/2025","1.5694","1.5585","1.5734","1.5475","","0.63%"
"09/05/2025","1.5596","1.5625","1.5698","1.5543","","-0.19%"
"08/05/2025","1.5625","1.5566","1.5639","1.5467","","0.39%"
"07/05/2025","1.5564","1.5395","1.5575","1.5348","","1.08%"
"06/05/2025","1.5397","1.5460","1.5534","1.5379","","-0.40%"
"05/05/2025","1.5459","1.5474","1.5543","1.5398","","-0.38%"
"02/05/2025","1.5518","1.5670","1.5678","1.5454","","-0.94%"
"01/05/2025","1.5665","1.5627","1.5711","1.5557","","0.29%"
"30/04/2025","1.5619","1.5665","1.5735","1.5579","","-0.29%"
"29/04/2025","1.5665","1.5551","1.5685","1.5503","","0.76%"
"28/04/2025","1.5547","1.5667","1.5706","1.5539","","-0.56%"
"25/04/2025","1.5635","1.5600","1.5691","1.5574","","0.22%"
"24/04/2025","1.5600","1.5722","1.5766","1.5589","","-0.79%"
"23/04/2025","1.5724","1.5707","1.5751","1.5539","","0.10%"
"22/04/2025","1.5709","1.5585","1.5721","1.5526","","0.82%"
"21/04/2025","1.5581","1.5688","1.5704","1.5532","","-0.64%"
"18/04/2025","1.5681","1.5657","1.5707","1.5637","","0.20%"
"17/04/2025","1.5649","1.5699","1.5791","1.5637","","-0.29%"
"16/04/2025","1.5694","1.5763","1.5818","1.5644","","-0.39%"
"15/04/2025","1.5755","1.5812","1.5835","1.5665","","-0.27%"
"14/04/2025","1.5798","1.5868","1.5937","1.5764","","-0.65%"
"11/04/2025","1.5901","1.6069","1.6180","1.5871","","-1.00%"
"10/04/2025","1.6062","1.6254","1.6352","1.5999","","-1.14%"
"09/04/2025","1.6247","1.6770","1.6911","1.6189","","-3.18%"
"08/04/2025","1.6781","1.6703","1.6820","1.6430","","0.45%"
"07/04/2025","1.6706","1.6546","1.6862","1.6336","","1.02%"
"04/04/2025","1.6537","1.5805","1.6707","1.5790","","4.68%"
"03/04/2025","1.5798","1.5876","1.6063","1.5650","","-0.42%"
"02/04/2025","1.5865","1.5932","1.5980","1.5766","","-0.37%"
"01/04/2025","1.5924","1.6009","1.6049","1.5912","","-0.49%"
"31/03/2025","1.6003","1.5896","1.6081","1.5869","","0.63%"
"28/03/2025","1.5903","1.5859","1.5925","1.5839","","0.28%"
"27/03/2025","1.5858","1.5876","1.5928","1.5824","","-0.08%"
"26/03/2025","1.5870","1.5863","1.5930","1.5794","","0.08%"
"25/03/2025","1.5858","1.5909","1.5930","1.5806","","-0.31%"
"24/03/2025","1.5908","1.5940","1.5966","1.5857","","-0.21%"
"21/03/2025","1.5941","1.5865","1.5981","1.5854","","0.51%"
"20/03/2025","1.5860","1.5730","1.5948","1.5712","","0.84%"
"19/03/2025","1.5728","1.5720","1.5822","1.5704","","0.06%"
"18/03/2025","1.5718","1.5663","1.5764","1.5644","","0.38%"
"17/03/2025","1.5659","1.5812","1.5838","1.5644","","-0.97%"
"14/03/2025","1.5813","1.5909","1.5931","1.5793","","-0.60%"
"13/03/2025","1.5908","1.5823","1.5953","1.5785","","0.59%"
"12/03/2025","1.5815","1.5877","1.5935","1.5814","","-0.37%"
"11/03/2025","1.5873","1.5928","1.5978","1.5842","","-0.33%"
"10/03/2025","1.5926","1.5853","1.5965","1.5791","","0.43%"
"07/03/2025","1.5858","1.5791","1.5920","1.5775","","0.46%"
"06/03/2025","1.5785","1.5785","1.5819","1.5712","","0.03%"
"05/03/2025","1.5780","1.5944","1.6044","1.5764","","-0.97%"
"04/03/2025","1.5934","1.6069","1.6164","1.5939","","-0.80%"
"03/03/2025","1.6062","1.6111","1.6135","1.5986","","-0.25%"
"28/02/2025","1.6103","1.6036","1.6149","1.6027","","0.47%"
"27/02/2025","1.6028","1.5857","1.6048","1.5834","","1.09%"
"26/02/2025","1.5855","1.5763","1.5885","1.5736","","0.62%"
"25/02/2025","1.5758","1.5749","1.5820","1.5728","","0.10%"
"24/02/2025","1.5743","1.5740","1.5764","1.5643","","0.14%"
"21/02/2025","1.5721","1.5627","1.5745","1.5601","","0.65%"
"20/02/2025","1.5620","1.5762","1.5806","1.5612","","-0.88%"
"19/02/2025","1.5758","1.5741","1.5784","1.5695","","0.14%"
"18/02/2025","1.5736","1.5736","1.5789","1.5703","","0.06%"
"17/02/2025","1.5726","1.5731","1.5764","1.5685","","-0.08%"
"14/02/2025","1.5738","1.5827","1.5849","1.5701","","-0.54%"
"13/02/2025","1.5823","1.5908","1.5991","1.5814","","-0.60%"
"12/02/2025","1.5918","1.5886","1.6040","1.5846","","0.20%"
"11/02/2025","1.5886","1.5930","1.5974","1.5867","","-0.25%"
"10/02/2025","1.5926","1.5947","1.6049","1.5902","","-0.11%"
"07/02/2025","1.5944","1.5924","1.5993","1.5874","","0.19%"
"06/02/2025","1.5913","1.5911","1.5990","1.5900","","0.03%"
"05/02/2025","1.5908","1.6000","1.6027","1.5878","","-0.48%"
"04/02/2025","1.5985","1.6063","1.6209","1.5966","","-0.45%"
"03/02/2025","1.6057","1.6102","1.6430","1.6031","","-0.24%"
"31/01/2025","1.6095","1.6105","1.6124","1.5966","","-0.03%"
"30/01/2025","1.6100","1.6053","1.6132","1.6013","","0.35%"
"29/01/2025","1.6044","1.5991","1.6104","1.5984","","0.36%"
"28/01/2025","1.5987","1.5892","1.6035","1.5887","","0.62%"
"27/01/2025","1.5888","1.5821","1.5938","1.5813","","0.32%"
"24/01/2025","1.5838","1.5909","1.5930","1.5793","","-0.44%"
"23/01/2025","1.5908","1.5940","1.5989","1.5871","","-0.19%"
"22/01/2025","1.5939","1.5937","1.5993","1.5882","","0.05%"
"21/01/2025","1.5931","1.5934","1.6107","1.5898","","-0.03%"
"20/01/2025","1.5936","1.6130","1.6158","1.5905","","-1.28%"
"17/01/2025","1.6142","1.6096","1.6222","1.6055","","0.30%"
"16/01/2025","1.6093","1.6061","1.6151","1.6013","","0.22%"
"15/01/2025","1.6057","1.6144","1.6180","1.6006","","-0.50%"
"14/01/2025","1.6137","1.6188","1.6219","1.6107","","-0.29%"
"13/01/2025","1.6184","1.6261","1.6312","1.6184","","-0.46%"
"10/01/2025","1.6258","1.6132","1.6290","1.6111","","0.77%"
"09/01/2025","1.6134","1.6090","1.6204","1.6083","","0.29%"
"08/01/2025","1.6088","1.6050","1.6164","1.6017","","0.24%"
"07/01/2025","1.6049","1.6008","1.6058","1.5900","","0.29%"
"06/01/2025","1.6003","1.6090","1.6116","1.5864","","-0.53%"
"03/01/2025","1.6088","1.6115","1.6136","1.6059","","-0.19%"
"02/01/2025","1.6119","1.6163","1.6174","1.6068","","-0.19%"
"01/01/2025","1.6150","1.6162","1.6174","1.6146","","-0.05%"
"31/12/2024","1.6158","1.6076","1.6185","1.6045","","0.57%"
"30/12/2024","1.6067","1.6105","1.6125","1.6005","","-0.05%"
"27/12/2024","1.6075","1.6076","1.6130","1.6054","","0.00%"
"26/12/2024","1.6075","1.6038","1.6089","1.5986","","0.36%"
"25/12/2024","1.6018","1.6020","1.6056","1.6006","","-0.05%"
"24/12/2024","1.6026","1.6004","1.6068","1.5990","","0.18%"
"23/12/2024","1.5997","1.5959","1.6081","1.5947","","0.00%"
"20/12/2024","1.5997","1.6026","1.6093","1.5935","","-0.16%"
"19/12/2024","1.6023","1.6084","1.6134","1.5958","","-0.35%"
"18/12/2024","1.6080","1.5778","1.6094","1.5770","","1.95%"
"17/12/2024","1.5773","1.5698","1.5796","1.5677","","0.52%"
"16/12/2024","1.5691","1.5724","1.5761","1.5664","","-0.13%"
"13/12/2024","1.5711","1.5703","1.5745","1.5665","","0.08%"
"12/12/2024","1.5699","1.5702","1.5722","1.5551","","0.02%"
"11/12/2024","1.5696","1.5679","1.5784","1.5648","","0.14%"
"10/12/2024","1.5674","1.5528","1.5712","1.5520","","0.97%"
"09/12/2024","1.5523","1.5646","1.5678","1.5450","","-0.81%"
"06/12/2024","1.5649","1.5498","1.5694","1.5488","","1.01%"
"05/12/2024","1.5492","1.5553","1.5575","1.5491","","-0.34%"
"04/12/2024","1.5545","1.5419","1.5629","1.5410","","0.87%"
"03/12/2024","1.5411","1.5447","1.5493","1.5372","","-0.18%"
"02/12/2024","1.5439","1.5345","1.5522","1.5321","","0.57%"
"29/11/2024","1.5352","1.5387","1.5404","1.5317","","-0.21%"
"28/11/2024","1.5385","1.5392","1.5441","1.5360","","-0.01%"
"27/11/2024","1.5387","1.5445","1.5472","1.5380","","-0.36%"
"26/11/2024","1.5442","1.5376","1.5543","1.5364","","0.47%"
"25/11/2024","1.5370","1.5372","1.5417","1.5265","","-0.07%"
"22/11/2024","1.5380","1.5358","1.5455","1.5332","","0.16%"
"21/11/2024","1.5356","1.5380","1.5393","1.5305","","-0.07%"
"20/11/2024","1.5366","1.5309","1.5423","1.5278","","0.37%"
"19/11/2024","1.5309","1.5366","1.5429","1.5303","","-0.37%"
"18/11/2024","1.5366","1.5478","1.5509","1.5357","","-0.69%"
"15/11/2024","1.5473","1.5497","1.5524","1.5427","","-0.12%"
"14/11/2024","1.5492","1.5411","1.5528","1.5389","","0.48%"
"13/11/2024","1.5418","1.5303","1.5434","1.5275","","0.74%"
"12/11/2024","1.5305","1.5211","1.5354","1.5192","","0.64%"
"11/11/2024","1.5207","1.5166","1.5240","1.5147","","0.15%"
"08/11/2024","1.5184","1.4983","1.5250","1.4966","","1.44%"
"07/11/2024","1.4968","1.5224","1.5236","1.4950","","-1.63%"
"06/11/2024","1.5216","1.5065","1.5358","1.5047","","1.04%"
"05/11/2024","1.5060","1.5185","1.5202","1.5054","","-0.83%"
"04/11/2024","1.5186","1.5201","1.5216","1.5105","","-0.37%"
"01/11/2024","1.5242","1.5192","1.5260","1.5169","","0.32%"
"31/10/2024","1.5193","1.5216","1.5293","1.5186","","-0.14%"
"30/10/2024","1.5214","1.5243","1.5300","1.5158","","-0.18%"
"29/10/2024","1.5242","1.5190","1.5280","1.5181","","0.36%"
"28/10/2024","1.5188","1.5109","1.5202","1.5085","","0.32%"
"25/10/2024","1.5140","1.5059","1.5151","1.5044","","0.54%"
"24/10/2024","1.5058","1.5074","1.5105","1.5010","","-0.09%"
"23/10/2024","1.5072","1.4964","1.5120","1.4942","","0.71%"
"22/10/2024","1.4966","1.5018","1.5038","1.4935","","-0.33%"
"21/10/2024","1.5015","1.4907","1.5031","1.4870","","0.72%"
"18/10/2024","1.4908","1.4933","1.4947","1.4880","","-0.16%"
"17/10/2024","1.4932","1.5000","1.5019","1.4899","","-0.43%"
"16/10/2024","1.4997","1.4917","1.5021","1.4905","","0.56%"
"15/10/2024","1.4914","1.4868","1.4931","1.4850","","0.33%"
"14/10/2024","1.4865","1.4842","1.4922","1.4813","","0.35%"
"11/10/2024","1.4813","1.4838","1.4873","1.4792","","-0.11%"
"10/10/2024","1.4830","1.4877","1.4903","1.4828","","-0.36%"
"09/10/2024","1.4883","1.4823","1.4911","1.4788","","0.45%"
"08/10/2024","1.4817","1.4798","1.4893","1.4770","","0.14%"
"07/10/2024","1.4797","1.4688","1.4832","1.4678","","0.61%"
"04/10/2024","1.4708","1.4619","1.4739","1.4591","","0.62%"
"03/10/2024","1.4618","1.4528","1.4642","1.4514","","0.66%"
"02/10/2024","1.4522","1.4529","1.4547","1.4457","","-0.03%"
"01/10/2024","1.4526","1.4470","1.4587","1.4417","","0.42%"
"30/09/2024","1.4465","1.4467","1.4504","1.4403","","-0.14%"
"27/09/2024","1.4486","1.4502","1.4562","1.4412","","-0.10%"
"26/09/2024","1.4501","1.4655","1.4667","1.4481","","-1.04%"
"25/09/2024","1.4654","1.4509","1.4668","1.4473","","0.99%"
"24/09/2024","1.4510","1.4623","1.4677","1.4505","","-0.77%"
"23/09/2024","1.4622","1.4703","1.4724","1.4589","","-0.47%"
"20/09/2024","1.4691","1.4675","1.4744","1.4642","","0.14%"
"19/09/2024","1.4671","1.4784","1.4844","1.4619","","-0.75%"
"18/09/2024","1.4782","1.4800","1.4833","1.4661","","-0.14%"
"17/09/2024","1.4802","1.4810","1.4836","1.4771","","-0.05%"
"16/09/2024","1.4810","1.4888","1.4936","1.4805","","-0.71%"
"13/09/2024","1.4916","1.4877","1.4945","1.4850","","0.28%"
"12/09/2024","1.4874","1.4983","1.5023","1.4867","","-0.71%"
"11/09/2024","1.4981","1.5025","1.5103","1.4978","","-0.33%"
"10/09/2024","1.5031","1.5013","1.5059","1.4976","","0.12%"
"09/09/2024","1.5013","1.5002","1.5044","1.4948","","0.15%"
"06/09/2024","1.4990","1.4842","1.5019","1.4775","","1.04%"
"05/09/2024","1.4835","1.4870","1.4897","1.4832","","-0.24%"
"04/09/2024","1.4870","1.4899","1.4958","1.4814","","-0.16%"
"03/09/2024","1.4894","1.4724","1.4910","1.4719","","1.16%"
"02/09/2024","1.4723","1.4766","1.4802","1.4716","","-0.40%"
"30/08/2024","1.4782","1.4712","1.4814","1.4667","","0.50%"
"29/08/2024","1.4708","1.4739","1.4750","1.4652","","-0.19%"
"28/08/2024","1.4736","1.4721","1.4784","1.4676","","0.10%"
"27/08/2024","1.4721","1.4767","1.4792","1.4714","","-0.31%"
"26/08/2024","1.4767","1.4737","1.4780","1.4710","","0.34%"
"23/08/2024","1.4717","1.4915","1.4924","1.4708","","-1.31%"
"22/08/2024","1.4912","1.4825","1.4934","1.4806","","0.58%"
"21/08/2024","1.4826","1.4826","1.4857","1.4790","","0.03%"
"20/08/2024","1.4821","1.4857","1.4897","1.4814","","-0.21%"
"19/08/2024","1.4852","1.4994","1.5013","1.4849","","-0.91%"
"16/08/2024","1.4988","1.5122","1.5136","1.4988","","-0.89%"
"15/08/2024","1.5122","1.5160","1.5220","1.5071","","-0.24%"
"14/08/2024","1.5158","1.5075","1.5163","1.5052","","0.59%"
"13/08/2024","1.5069","1.5181","1.5202","1.5063","","-0.72%"
"12/08/2024","1.5179","1.5198","1.5234","1.5137","","-0.23%"
"09/08/2024","1.5214","1.5169","1.5232","1.5137","","0.30%"
"08/08/2024","1.5168","1.5340","1.5370","1.5164","","-1.06%"
"07/08/2024","1.5330","1.5345","1.5364","1.5206","","0.00%"
"06/08/2024","1.5330","1.5389","1.5453","1.5286","","-0.36%"
"05/08/2024","1.5385","1.5348","1.5753","1.5319","","0.17%"
"02/08/2024","1.5359","1.5382","1.5419","1.5271","","-0.14%"
"01/08/2024","1.5380","1.5291","1.5412","1.5242","","0.61%"
"31/07/2024","1.5286","1.5297","1.5436","1.5253","","-0.05%"
"30/07/2024","1.5293","1.5269","1.5319","1.5236","","0.17%"
"29/07/2024","1.5267","1.5261","1.5330","1.5221","","-0.02%"
"26/07/2024","1.5270","1.5294","1.5303","1.5221","","-0.14%"
"25/07/2024","1.5291","1.5196","1.5353","1.5191","","0.65%"
"24/07/2024","1.5193","1.5116","1.5204","1.5111","","0.52%"
"23/07/2024","1.5115","1.5049","1.5128","1.5044","","0.43%"
"22/07/2024","1.5051","1.4945","1.5080","1.4918","","0.60%"
"19/07/2024","1.4961","1.4912","1.4970","1.4903","","0.34%"
"18/07/2024","1.4910","1.4861","1.4932","1.4826","","0.39%"
"17/07/2024","1.4852","1.4851","1.4880","1.4802","","0.03%"
"16/07/2024","1.4848","1.4793","1.4895","1.4781","","0.39%"
"15/07/2024","1.4791","1.4747","1.4812","1.4725","","0.36%"
"12/07/2024","1.4738","1.4793","1.4809","1.4716","","-0.36%"
"11/07/2024","1.4791","1.4819","1.4830","1.4706","","-0.19%"
"10/07/2024","1.4819","1.4835","1.4856","1.4809","","-0.11%"
"09/07/2024","1.4835","1.4844","1.4874","1.4817","","-0.04%"
"08/07/2024","1.4841","1.4815","1.4856","1.4788","","0.19%"
"05/07/2024","1.4813","1.4863","1.4899","1.4807","","-0.31%"
"04/07/2024","1.4859","1.4914","1.4920","1.4854","","-0.37%"
"03/07/2024","1.4914","1.5002","1.5007","1.4848","","-0.55%"
"02/07/2024","1.4997","1.5015","1.5075","1.4989","","-0.09%"
"01/07/2024","1.5011","1.4997","1.5053","1.4950","","0.11%"
"28/06/2024","1.4995","1.5046","1.5108","1.4957","","-0.30%"
"27/06/2024","1.5040","1.5042","1.5063","1.4983","","0.01%"
"26/06/2024","1.5038","1.5046","1.5072","1.4948","","-0.04%"
"25/06/2024","1.5044","1.5027","1.5073","1.4983","","0.18%"
"24/06/2024","1.5017","1.5058","1.5094","1.4995","","-0.24%"
"21/06/2024","1.5053","1.5029","1.5082","1.4991","","0.21%"
"20/06/2024","1.5022","1.4990","1.5044","1.4969","","0.24%"
"19/06/2024","1.4986","1.5024","1.5031","1.4974","","-0.24%"
"18/06/2024","1.5022","1.5131","1.5153","1.5018","","-0.64%"
"17/06/2024","1.5119","1.5116","1.5187","1.5092","","0.04%"
"14/06/2024","1.5113","1.5072","1.5173","1.5055","","0.31%"
"13/06/2024","1.5067","1.5009","1.5094","1.4978","","0.42%"
"12/06/2024","1.5004","1.5136","1.5160","1.4913","","-0.79%"
"11/06/2024","1.5124","1.5128","1.5181","1.5119","","-0.01%"
"10/06/2024","1.5126","1.5183","1.5208","1.5122","","-0.41%"
"07/06/2024","1.5188","1.5002","1.5202","1.4966","","1.26%"
"06/06/2024","1.4999","1.5040","1.5076","1.4960","","-0.27%"
"05/06/2024","1.5040","1.5046","1.5094","1.5002","","-0.05%"
"04/06/2024","1.5047","1.4949","1.5082","1.4926","","0.66%"
"03/06/2024","1.4948","1.5031","1.5080","1.4936","","-0.54%"
"31/05/2024","1.5029","1.5075","1.5092","1.4983","","-0.30%"
"30/05/2024","1.5074","1.5128","1.5176","1.5040","","-0.33%"
"29/05/2024","1.5124","1.5039","1.5132","1.5000","","0.59%"
"28/05/2024","1.5035","1.5031","1.5056","1.4969","","0.06%"
"27/05/2024","1.5026","1.5095","1.5103","1.5014","","-0.36%"
"24/05/2024","1.5081","1.5137","1.5173","1.5065","","-0.36%"
"23/05/2024","1.5135","1.5107","1.5158","1.5029","","0.21%"
"22/05/2024","1.5103","1.5003","1.5135","1.4956","","0.69%"
"21/05/2024","1.4999","1.4998","1.5046","1.4971","","0.03%"
"20/05/2024","1.4995","1.4941","1.5012","1.4902","","0.37%"
"17/05/2024","1.4939","1.4974","1.5044","1.4922","","-0.22%"
"16/05/2024","1.4972","1.4940","1.5030","1.4891","","0.23%"
"15/05/2024","1.4937","1.5091","1.5103","1.4935","","-1.04%"
"14/05/2024","1.5094","1.5131","1.5200","1.5086","","-0.24%"
"13/05/2024","1.5131","1.5147","1.5187","1.5083","","-0.09%"
"10/05/2024","1.5145","1.5105","1.5162","1.5097","","0.28%"
"09/05/2024","1.5103","1.5200","1.5234","1.5100","","-0.61%"
"08/05/2024","1.5195","1.5158","1.5250","1.5150","","0.27%"
"07/05/2024","1.5154","1.5103","1.5183","1.5048","","0.41%"
"06/05/2024","1.5092","1.5091","1.5141","1.5061","","-0.21%"
"03/05/2024","1.5124","1.5234","1.5240","1.5040","","-0.71%"
"02/05/2024","1.5232","1.5329","1.5351","1.5212","","-0.61%"
"01/05/2024","1.5326","1.5452","1.5469","1.5290","","-0.76%"
"30/04/2024","1.5444","1.5237","1.5453","1.5225","","1.42%"
"29/04/2024","1.5228","1.5306","1.5334","1.5181","","-0.48%"
"26/04/2024","1.5302","1.5341","1.5345","1.5255","","-0.25%"
"25/04/2024","1.5340","1.5394","1.5422","1.5292","","-0.32%"
"24/04/2024","1.5389","1.5418","1.5429","1.5313","","-0.16%"
"23/04/2024","1.5413","1.5507","1.5526","1.5404","","-0.57%"
"22/04/2024","1.5501","1.5601","1.5604","1.5488","","-0.50%"
"19/04/2024","1.5579","1.5569","1.5720","1.5543","","0.05%"
"18/04/2024","1.5571","1.5540","1.5587","1.5486","","0.21%"
"17/04/2024","1.5538","1.5618","1.5627","1.5511","","-0.52%"
"16/04/2024","1.5620","1.5524","1.5652","1.5514","","0.66%"
"15/04/2024","1.5518","1.5468","1.5536","1.5398","","0.32%"
"12/04/2024","1.5468","1.5296","1.5491","1.5280","","1.14%"
"11/04/2024","1.5293","1.5359","1.5383","1.5258","","-0.38%"
"10/04/2024","1.5352","1.5083","1.5389","1.5078","","1.78%"
"09/04/2024","1.5083","1.5143","1.5159","1.5048","","-0.36%"
"08/04/2024","1.5138","1.5200","1.5248","1.5126","","-0.39%"
"05/04/2024","1.5198","1.5178","1.5269","1.5166","","0.13%"
"04/04/2024","1.5179","1.5235","1.5242","1.5105","","-0.35%"
"03/04/2024","1.5232","1.5352","1.5380","1.5219","","-0.70%"
"02/04/2024","1.5340","1.5410","1.5427","1.5326","","-0.42%"
"01/04/2024","1.5404","1.5334","1.5432","1.5291","","0.48%"
"29/03/2024","1.5330","1.5347","1.5375","1.5303","","-0.09%"
"28/03/2024","1.5344","1.5303","1.5422","1.5286","","0.29%"
"27/03/2024","1.5300","1.5306","1.5360","1.5291","","-0.03%"
"26/03/2024","1.5305","1.5292","1.5316","1.5242","","0.11%"
"25/03/2024","1.5288","1.5332","1.5366","1.5274","","-0.38%"
"22/03/2024","1.5347","1.5221","1.5362","1.5197","","0.85%"
"21/03/2024","1.5218","1.5183","1.5242","1.5070","","0.24%"
"20/03/2024","1.5181","1.5307","1.5360","1.5178","","-0.86%"
"19/03/2024","1.5312","1.5246","1.5378","1.5232","","0.46%"
"18/03/2024","1.5242","1.5240","1.5269","1.5208","","0.02%"
"15/03/2024","1.5239","1.5200","1.5263","1.5185","","0.30%"
"14/03/2024","1.5193","1.5103","1.5225","1.5077","","0.60%"
"13/03/2024","1.5103","1.5138","1.5153","1.5069","","-0.20%"
"12/03/2024","1.5133","1.5120","1.5189","1.5061","","0.09%"
"11/03/2024","1.5119","1.5082","1.5162","1.5067","","0.23%"
"08/03/2024","1.5085","1.5105","1.5122","1.4995","","-0.12%"
"07/03/2024","1.5103","1.5233","1.5244","1.5093","","-0.85%"
"06/03/2024","1.5232","1.5380","1.5404","1.5192","","-0.92%"
"05/03/2024","1.5373","1.5354","1.5440","1.5332","","0.12%"
"04/03/2024","1.5354","1.5324","1.5370","1.5299","","0.17%"
"01/03/2024","1.5328","1.5386","1.5410","1.5301","","-0.35%"
"29/02/2024","1.5382","1.5394","1.5418","1.5309","","-0.03%"
"28/02/2024","1.5387","1.5277","1.5412","1.5267","","0.71%"
"27/02/2024","1.5279","1.5288","1.5326","1.5246","","-0.06%"
"26/02/2024","1.5288","1.5249","1.5313","1.5220","","0.33%"
"23/02/2024","1.5237","1.5250","1.5269","1.5195","","-0.12%"
"22/02/2024","1.5256","1.5265","1.5292","1.5160","","0.00%"
"21/02/2024","1.5256","1.5272","1.5309","1.5211","","-0.09%"
"20/02/2024","1.5270","1.5288","1.5337","1.5198","","-0.10%"
"19/02/2024","1.5286","1.5320","1.5329","1.5261","","-0.14%"
"16/02/2024","1.5307","1.5330","1.5394","1.5278","","-0.12%"
"15/02/2024","1.5326","1.5406","1.5441","1.5313","","-0.49%"
"14/02/2024","1.5401","1.5499","1.5515","1.5393","","-0.59%"
"13/02/2024","1.5492","1.5321","1.5524","1.5301","","1.18%"
"12/02/2024","1.5312","1.5341","1.5366","1.5280","","-0.09%"
"09/02/2024","1.5326","1.5399","1.5417","1.5301","","-0.51%"
"08/02/2024","1.5404","1.5338","1.5432","1.5305","","0.48%"
"07/02/2024","1.5330","1.5328","1.5349","1.5288","","0.01%"
"06/02/2024","1.5328","1.5427","1.5439","1.5322","","-0.62%"
"05/02/2024","1.5423","1.5345","1.5460","1.5326","","0.48%"
"02/02/2024","1.5349","1.5217","1.5380","1.5126","","0.89%"
"01/02/2024","1.5214","1.5229","1.5366","1.5198","","-0.09%"
"31/01/2024","1.5228","1.5147","1.5265","1.5098","","0.55%"
"30/01/2024","1.5145","1.5126","1.5211","1.5094","","0.14%"
"29/01/2024","1.5124","1.5196","1.5223","1.5113","","-0.55%"
"26/01/2024","1.5207","1.5189","1.5216","1.5128","","0.14%"
"25/01/2024","1.5186","1.5204","1.5232","1.5126","","-0.11%"
"24/01/2024","1.5202","1.5196","1.5233","1.5100","","0.06%"
"23/01/2024","1.5193","1.5221","1.5267","1.5120","","-0.16%"
"22/01/2024","1.5218","1.5169","1.5232","1.5118","","0.42%"
"19/01/2024","1.5154","1.5215","1.5234","1.5145","","-0.37%"
"18/01/2024","1.5211","1.5260","1.5324","1.5206","","-0.29%"
"17/01/2024","1.5256","1.5189","1.5326","1.5162","","0.47%"
"16/01/2024","1.5184","1.5014","1.5207","1.5002","","1.15%"
"15/01/2024","1.5011","1.4949","1.5039","1.4912","","0.38%"
"12/01/2024","1.4954","1.4958","1.4977","1.4859","","0.03%"
"11/01/2024","1.4950","1.4935","1.5046","1.4867","","0.19%"
"10/01/2024","1.4921","1.4955","1.4973","1.4893","","-0.19%"
"09/01/2024","1.4950","1.4882","1.4978","1.4847","","0.48%"
"08/01/2024","1.4879","1.4881","1.4978","1.4847","","-0.09%"
"05/01/2024","1.4892","1.4901","1.5061","1.4817","","-0.09%"
"04/01/2024","1.4905","1.4859","1.4936","1.4790","","0.37%"
"03/01/2024","1.4850","1.4782","1.4922","1.4767","","0.43%"
"02/01/2024","1.4786","1.4674","1.4802","1.4619","","0.74%"
"01/01/2024","1.4678","1.4682","1.4695","1.4659","","-0.01%"
"29/12/2023","1.4680","1.4641","1.4748","1.4604","","0.28%"
"28/12/2023","1.4639","1.4605","1.4655","1.4551","","0.26%"
"27/12/2023","1.4601","1.4656","1.4668","1.4593","","-0.35%"
"26/12/2023","1.4652","1.4683","1.4721","1.4647","","-0.39%"
"25/12/2023","1.4710","1.4715","1.4766","1.4676","","0.04%"
"22/12/2023","1.4704","1.4701","1.4766","1.4650","","0.03%"
"21/12/2023","1.4699","1.4857","1.4870","1.4696","","-1.04%"
"20/12/2023","1.4854","1.4784","1.4874","1.4748","","0.46%"
"19/12/2023","1.4786","1.4905","1.4927","1.4759","","-0.82%"
"18/12/2023","1.4908","1.4925","1.4949","1.4844","","-0.15%"
"15/12/2023","1.4930","1.4926","1.5009","1.4860","","0.06%"
"14/12/2023","1.4921","1.5011","1.5030","1.4860","","-0.57%"
"13/12/2023","1.5006","1.5248","1.5290","1.4983","","-1.56%"
"12/12/2023","1.5244","1.5224","1.5292","1.5122","","0.14%"
"11/12/2023","1.5223","1.5197","1.5269","1.5185","","0.16%"
"08/12/2023","1.5198","1.5152","1.5250","1.5103","","0.37%"
"07/12/2023","1.5142","1.5267","1.5326","1.5105","","-0.82%"
"06/12/2023","1.5267","1.5263","1.5276","1.5155","","0.05%"
"05/12/2023","1.5260","1.5105","1.5282","1.5091","","1.02%"
"04/12/2023","1.5106","1.4995","1.5143","1.4943","","0.85%"
"01/12/2023","1.4979","1.5138","1.5155","1.4975","","-1.05%"
"30/11/2023","1.5138","1.5111","1.5220","1.5034","","0.20%"
"29/11/2023","1.5108","1.5041","1.5139","1.4976","","0.47%"
"28/11/2023","1.5038","1.5139","1.5162","1.5000","","-0.63%"
"27/11/2023","1.5133","1.5195","1.5230","1.5118","","-0.38%"
"24/11/2023","1.5191","1.5254","1.5270","1.5170","","-0.36%"
"23/11/2023","1.5246","1.5284","1.5292","1.5206","","-0.25%"
"22/11/2023","1.5284","1.5254","1.5335","1.5220","","0.20%"
"21/11/2023","1.5253","1.5256","1.5282","1.5174","","0.01%"
"20/11/2023","1.5251","1.5360","1.5385","1.5230","","-0.72%"
"17/11/2023","1.5361","1.5463","1.5501","1.5345","","-0.58%"
"16/11/2023","1.5451","1.5366","1.5481","1.5342","","0.57%"
"15/11/2023","1.5363","1.5371","1.5427","1.5284","","-0.02%"
"14/11/2023","1.5366","1.5682","1.5724","1.5352","","-2.00%"
"13/11/2023","1.5679","1.5743","1.5757","1.5642","","-0.18%"
"10/11/2023","1.5708","1.5705","1.5777","1.5690","","0.01%"
"09/11/2023","1.5706","1.5613","1.5716","1.5554","","0.56%"
"08/11/2023","1.5618","1.5547","1.5634","1.5503","","0.58%"
"07/11/2023","1.5528","1.5410","1.5617","1.5380","","0.78%"
"06/11/2023","1.5408","1.5364","1.5422","1.5328","","0.35%"
"03/11/2023","1.5354","1.5543","1.5578","1.5338","","-1.20%"
"02/11/2023","1.5540","1.5641","1.5653","1.5486","","-0.64%"
"01/11/2023","1.5640","1.5783","1.5829","1.5623","","-0.87%"
"31/10/2023","1.5778","1.5692","1.5839","1.5678","","0.60%"
"30/10/2023","1.5684","1.5770","1.5795","1.5662","","-0.64%"
"27/10/2023","1.5785","1.5812","1.5825","1.5700","","-0.21%"
"26/10/2023","1.5818","1.5852","1.5950","1.5793","","-0.20%"
"25/10/2023","1.5850","1.5735","1.5862","1.5623","","0.74%"
"24/10/2023","1.5733","1.5780","1.5796","1.5673","","-0.27%"
"23/10/2023","1.5775","1.5827","1.5902","1.5748","","-0.33%"
"20/10/2023","1.5828","1.5801","1.5882","1.5789","","0.19%"
"19/10/2023","1.5798","1.5785","1.5886","1.5730","","0.11%"
"18/10/2023","1.5780","1.5714","1.5804","1.5639","","0.44%"
"17/10/2023","1.5711","1.5770","1.5788","1.5672","","-0.33%"
"16/10/2023","1.5763","1.5871","1.5890","1.5758","","-0.81%"
"13/10/2023","1.5891","1.5838","1.5909","1.5785","","0.35%"
"12/10/2023","1.5835","1.5591","1.5857","1.5547","","1.57%"
"11/10/2023","1.5591","1.5547","1.5656","1.5513","","0.28%"
"10/10/2023","1.5547","1.5596","1.5650","1.5542","","-0.33%"
"09/10/2023","1.5598","1.5721","1.5766","1.5589","","-0.41%"
"06/10/2023","1.5662","1.5699","1.5842","1.5623","","-0.22%"
"05/10/2023","1.5696","1.5812","1.5829","1.5677","","-0.72%"
"04/10/2023","1.5810","1.5867","1.5909","1.5764","","-0.35%"
"03/10/2023","1.5865","1.5716","1.5912","1.5703","","0.97%"
"02/10/2023","1.5713","1.5550","1.5719","1.5513","","1.13%"
"29/09/2023","1.5538","1.5560","1.5575","1.5379","","-0.13%"
"28/09/2023","1.5559","1.5740","1.5764","1.5543","","-1.14%"
"27/09/2023","1.5738","1.5625","1.5797","1.5600","","0.68%"
"26/09/2023","1.5632","1.5568","1.5658","1.5549","","0.44%"
"25/09/2023","1.5564","1.5503","1.5617","1.5495","","0.28%"
"22/09/2023","1.5521","1.5582","1.5618","1.5465","","-0.37%"
"21/09/2023","1.5579","1.5509","1.5663","1.5492","","0.44%"
"20/09/2023","1.5511","1.5491","1.5532","1.5354","","0.14%"
"19/09/2023","1.5489","1.5533","1.5560","1.5444","","-0.26%"
"18/09/2023","1.5530","1.5521","1.5586","1.5499","","-0.08%"
"15/09/2023","1.5542","1.5526","1.5568","1.5444","","0.12%"
"14/09/2023","1.5523","1.5564","1.5590","1.5479","","-0.30%"
"13/09/2023","1.5569","1.5563","1.5674","1.5538","","0.03%"
"12/09/2023","1.5564","1.5540","1.5606","1.5524","","0.12%"
"11/09/2023","1.5545","1.5646","1.5688","1.5503","","-0.85%"
"08/09/2023","1.5679","1.5682","1.5707","1.5586","","0.00%"
"07/09/2023","1.5679","1.5679","1.5720","1.5635","","0.11%"
"06/09/2023","1.5662","1.5673","1.5732","1.5612","","-0.04%"
"05/09/2023","1.5669","1.5492","1.5732","1.5465","","1.22%"
"04/09/2023","1.5480","1.5486","1.5524","1.5429","","-0.09%"
"01/09/2023","1.5494","1.5427","1.5534","1.5332","","0.48%"
"31/08/2023","1.5420","1.5443","1.5479","1.5364","","-0.11%"
"30/08/2023","1.5437","1.5425","1.5507","1.5330","","0.08%"
"29/08/2023","1.5425","1.5566","1.5623","1.5413","","-0.82%"
"28/08/2023","1.5552","1.5603","1.5624","1.5528","","-0.44%"
"25/08/2023","1.5620","1.5583","1.5674","1.5522","","0.28%"
"24/08/2023","1.5576","1.5429","1.5597","1.5410","","0.90%"
"23/08/2023","1.5437","1.5566","1.5601","1.5425","","-0.85%"
"22/08/2023","1.5569","1.5596","1.5619","1.5482","","-0.14%"
"21/08/2023","1.5591","1.5597","1.5657","1.5570","","-0.14%"
"18/08/2023","1.5613","1.5616","1.5678","1.5551","","0.00%"
"17/08/2023","1.5613","1.5566","1.5712","1.5501","","0.33%"
"16/08/2023","1.5562","1.5484","1.5587","1.5427","","0.47%"
"15/08/2023","1.5489","1.5417","1.5502","1.5332","","0.49%"
"14/08/2023","1.5413","1.5380","1.5496","1.5363","","0.18%"
"11/08/2023","1.5385","1.5342","1.5419","1.5303","","0.28%"
"10/08/2023","1.5342","1.5319","1.5353","1.5113","","0.17%"
"09/08/2023","1.5316","1.5280","1.5339","1.5215","","0.24%"
"08/08/2023","1.5279","1.5216","1.5396","1.5202","","0.45%"
"07/08/2023","1.5211","1.5222","1.5257","1.5164","","-0.03%"
"04/08/2023","1.5216","1.5254","1.5286","1.5128","","-0.28%"
"03/08/2023","1.5258","1.5296","1.5354","1.5221","","-0.22%"
"02/08/2023","1.5291","1.5120","1.5322","1.5080","","1.16%"
"01/08/2023","1.5115","1.4879","1.5149","1.4870","","1.57%"
"31/07/2023","1.4881","1.5018","1.5050","1.4836","","-1.02%"
"28/07/2023","1.5035","1.4910","1.5103","1.4892","","0.91%"
"27/07/2023","1.4899","1.4793","1.4930","1.4657","","0.72%"
"26/07/2023","1.4793","1.4734","1.4863","1.4718","","0.52%"
"25/07/2023","1.4717","1.4844","1.4871","1.4717","","-0.80%"
"24/07/2023","1.4835","1.4853","1.4895","1.4798","","-0.17%"
"21/07/2023","1.4861","1.4749","1.4878","1.4730","","0.76%"
"20/07/2023","1.4749","1.4764","1.4783","1.4603","","-0.06%"
"19/07/2023","1.4758","1.4676","1.4815","1.4659","","0.59%"
"18/07/2023","1.4671","1.4670","1.4731","1.4623","","0.01%"
"17/07/2023","1.4669","1.4617","1.4734","1.4589","","0.35%"
"14/07/2023","1.4618","1.4520","1.4640","1.4501","","0.73%"
"13/07/2023","1.4512","1.4736","1.4743","1.4501","","-1.47%"
"12/07/2023","1.4728","1.4956","1.4969","1.4712","","-1.50%"
"11/07/2023","1.4952","1.4988","1.5038","1.4934","","-0.18%"
"10/07/2023","1.4979","1.4962","1.5100","1.4931","","0.23%"
"07/07/2023","1.4945","1.5103","1.5113","1.4920","","-0.96%"
"06/07/2023","1.5090","1.5027","1.5155","1.4950","","0.45%"
"05/07/2023","1.5022","1.4950","1.5032","1.4926","","0.54%"
"04/07/2023","1.4941","1.4993","1.5059","1.4911","","-0.31%"
"03/07/2023","1.4988","1.5000","1.5069","1.4940","","-0.06%"
"30/06/2023","1.4997","1.5115","1.5145","1.4986","","-0.73%"
"29/06/2023","1.5108","1.5151","1.5164","1.5057","","-0.29%"
"28/06/2023","1.5152","1.4959","1.5160","1.4946","","1.30%"
"27/06/2023","1.4957","1.4981","1.4994","1.4877","","-0.21%"
"26/06/2023","1.4988","1.4978","1.5002","1.4936","","0.11%"
"23/06/2023","1.4972","1.4800","1.5010","1.4774","","1.18%"
"22/06/2023","1.4797","1.4717","1.4828","1.4690","","0.58%"
"21/06/2023","1.4712","1.4745","1.4836","1.4694","","-0.18%"
"20/06/2023","1.4738","1.4598","1.4810","1.4586","","0.97%"
"19/06/2023","1.4596","1.4533","1.4634","1.4514","","0.33%"
"16/06/2023","1.4548","1.4523","1.4589","1.4492","","0.19%"
"15/06/2023","1.4520","1.4716","1.4779","1.4507","","-1.29%"
"14/06/2023","1.4710","1.4777","1.4802","1.4627","","-0.43%"
"13/06/2023","1.4773","1.4819","1.4842","1.4688","","-0.27%"
"12/06/2023","1.4813","1.4828","1.4859","1.4760","","-0.15%"
"09/06/2023","1.4835","1.4890","1.4943","1.4811","","-0.36%"
"08/06/2023","1.4888","1.5030","1.5036","1.4882","","-0.94%"
"07/06/2023","1.5029","1.4986","1.5059","1.4884","","0.27%"
"06/06/2023","1.4988","1.5111","1.5131","1.4957","","-0.78%"
"05/06/2023","1.5106","1.5128","1.5202","1.5063","","-0.11%"
"02/06/2023","1.5122","1.5221","1.5230","1.5063","","-0.60%"
"01/06/2023","1.5214","1.5378","1.5423","1.5192","","-1.01%"
"31/05/2023","1.5370","1.5349","1.5486","1.5293","","0.18%"
"30/05/2023","1.5342","1.5291","1.5379","1.5244","","0.32%"
"29/05/2023","1.5293","1.5301","1.5343","1.5256","","-0.32%"
"26/05/2023","1.5342","1.5368","1.5408","1.5278","","-0.18%"
"25/05/2023","1.5370","1.5291","1.5391","1.5270","","0.60%"
"24/05/2023","1.5279","1.5126","1.5317","1.5114","","1.01%"
"23/05/2023","1.5126","1.5030","1.5137","1.5009","","0.67%"
"22/05/2023","1.5026","1.5030","1.5091","1.4995","","-0.05%"
"19/05/2023","1.5033","1.5101","1.5118","1.4978","","-0.50%"
"18/05/2023","1.5108","1.5017","1.5141","1.4994","","0.63%"
"17/05/2023","1.5013","1.5027","1.5086","1.4983","","-0.06%"
"16/05/2023","1.5022","1.4925","1.5036","1.4901","","0.69%"
"15/05/2023","1.4919","1.5048","1.5064","1.4903","","-0.82%"
"12/05/2023","1.5042","1.4921","1.5068","1.4909","","0.82%"
"11/05/2023","1.4919","1.4754","1.4951","1.4713","","1.15%"
"10/05/2023","1.4749","1.4790","1.4829","1.4664","","-0.27%"
"09/05/2023","1.4789","1.4743","1.4823","1.4732","","0.33%"
"08/05/2023","1.4741","1.4818","1.4839","1.4695","","-0.45%"
"05/05/2023","1.4808","1.4937","1.4947","1.4797","","-0.88%"
"04/05/2023","1.4939","1.4995","1.5061","1.4909","","-0.34%"
"03/05/2023","1.4990","1.5007","1.5041","1.4917","","-0.08%"
"02/05/2023","1.5002","1.5074","1.5107","1.4884","","-0.52%"
"01/05/2023","1.5081","1.5130","1.5144","1.4994","","-0.18%"
"28/04/2023","1.5108","1.5086","1.5215","1.5053","","0.20%"
"27/04/2023","1.5078","1.5154","1.5164","1.5069","","-0.49%"
"26/04/2023","1.5152","1.5088","1.5174","1.5059","","0.41%"
"25/04/2023","1.5090","1.4937","1.5120","1.4910","","1.07%"
"24/04/2023","1.4930","1.4930","1.5005","1.4913","","-0.09%"
"21/04/2023","1.4943","1.4835","1.4977","1.4819","","0.75%"
"20/04/2023","1.4832","1.4892","1.4935","1.4766","","-0.42%"
"19/04/2023","1.4894","1.4870","1.4949","1.4831","","0.15%"
"18/04/2023","1.4872","1.4928","1.4934","1.4817","","-0.34%"
"17/04/2023","1.4923","1.4912","1.4969","1.4880","","0.13%"
"14/04/2023","1.4903","1.4748","1.4938","1.4691","","1.09%"
"13/04/2023","1.4743","1.4950","1.4960","1.4711","","-1.37%"
"12/04/2023","1.4948","1.5033","1.5042","1.4871","","-0.52%"
"11/04/2023","1.5026","1.5057","1.5074","1.4968","","-0.21%"
"10/04/2023","1.5058","1.5024","1.5110","1.4967","","0.43%"
"07/04/2023","1.4993","1.4988","1.5059","1.4942","","0.05%"
"06/04/2023","1.4986","1.4883","1.5032","1.4868","","0.73%"
"05/04/2023","1.4877","1.4809","1.4978","1.4748","","0.48%"
"04/04/2023","1.4806","1.4736","1.4881","1.4718","","0.49%"
"03/04/2023","1.4734","1.4947","1.5036","1.4727","","-1.47%"
"31/03/2023","1.4954","1.4897","1.4994","1.4839","","0.39%"
"30/03/2023","1.4896","1.4968","1.5014","1.4882","","-0.42%"
"29/03/2023","1.4959","1.4903","1.5014","1.4894","","0.38%"
"28/03/2023","1.4903","1.5035","1.5050","1.4899","","-0.88%"
"27/03/2023","1.5035","1.5039","1.5077","1.5000","","-0.06%"
"24/03/2023","1.5044","1.4959","1.5096","1.4936","","0.57%"
"23/03/2023","1.4959","1.4962","1.4993","1.4800","","0.00%"
"22/03/2023","1.4959","1.4995","1.5014","1.4793","","-0.24%"
"21/03/2023","1.4995","1.4883","1.5039","1.4867","","0.77%"
"20/03/2023","1.4881","1.4905","1.5002","1.4833","","-0.34%"
"17/03/2023","1.4932","1.5029","1.5040","1.4869","","-0.57%"
"16/03/2023","1.5017","1.5113","1.5135","1.4996","","-0.64%"
"15/03/2023","1.5113","1.4964","1.5176","1.4897","","1.00%"
"14/03/2023","1.4963","1.5004","1.5080","1.4931","","-0.23%"
"13/03/2023","1.4997","1.5181","1.5196","1.4886","","-1.34%"
"10/03/2023","1.5200","1.5175","1.5236","1.5057","","0.18%"
"09/03/2023","1.5172","1.5181","1.5210","1.5067","","-0.03%"
"08/03/2023","1.5177","1.5191","1.5227","1.5083","","-0.07%"
"07/03/2023","1.5188","1.4861","1.5198","1.4817","","2.20%"
"06/03/2023","1.4861","1.4781","1.4891","1.4765","","0.61%"
"03/03/2023","1.4771","1.4855","1.4874","1.4759","","-0.58%"
"02/03/2023","1.4857","1.4789","1.4912","1.4777","","0.46%"
"01/03/2023","1.4789","1.4861","1.4938","1.4739","","-0.47%"
"28/02/2023","1.4859","1.4848","1.4918","1.4795","","0.09%"
"27/02/2023","1.4846","1.4842","1.4931","1.4821","","-0.13%"
"24/02/2023","1.4865","1.4688","1.4886","1.4651","","1.22%"
"23/02/2023","1.4686","1.4697","1.4748","1.4615","","-0.06%"
"22/02/2023","1.4695","1.4592","1.4719","1.4566","","0.73%"
"21/02/2023","1.4588","1.4476","1.4605","1.4450","","0.79%"
"20/02/2023","1.4474","1.4567","1.4581","1.4448","","-0.41%"
"17/02/2023","1.4533","1.4531","1.4683","1.4524","","0.00%"
"16/02/2023","1.4533","1.4489","1.4621","1.4415","","0.34%"
"15/02/2023","1.4484","1.4312","1.4568","1.4305","","1.20%"
"14/02/2023","1.4312","1.4356","1.4449","1.4225","","-0.29%"
"13/02/2023","1.4353","1.4438","1.4515","1.4336","","-0.69%"
"10/02/2023","1.4453","1.4422","1.4475","1.4365","","0.26%"
"09/02/2023","1.4415","1.4438","1.4450","1.4260","","-0.17%"
"08/02/2023","1.4440","1.4370","1.4454","1.4292","","0.50%"
"07/02/2023","1.4368","1.4527","1.4532","1.4309","","-1.11%"
"06/02/2023","1.4529","1.4434","1.4588","1.4389","","0.62%"
"03/02/2023","1.4440","1.4132","1.4454","1.4116","","2.21%"
"02/02/2023","1.4128","1.4013","1.4147","1.3969","","0.84%"
"01/02/2023","1.4010","1.4170","1.4214","1.3995","","-1.13%"
"31/01/2023","1.4170","1.4167","1.4320","1.4151","","0.06%"
"30/01/2023","1.4162","1.4084","1.4182","1.4042","","0.62%"
"27/01/2023","1.4075","1.4059","1.4121","1.4024","","0.16%"
"26/01/2023","1.4053","1.4077","1.4127","1.3999","","-0.14%"
"25/01/2023","1.4073","1.4188","1.4222","1.4038","79.59K","-0.81%"
"24/01/2023","1.4188","1.4228","1.4300","1.4166","78.09K","-0.27%"
"23/01/2023","1.4227","1.4364","1.4381","1.4204","83.99K","-0.86%"
"20/01/2023","1.4351","1.4471","1.4481","1.4338","104.27K","-0.82%"
"19/01/2023","1.4470","1.4402","1.4555","1.4389","133.08K","0.47%"
"18/01/2023","1.4403","1.4308","1.4420","1.4155","143.83K","0.66%"
"17/01/2023","1.4308","1.4378","1.4431","1.4289","136.21K","-0.49%"
"16/01/2023","1.4378","1.4333","1.4409","1.4244","95.43K","0.33%"
"13/01/2023","1.4331","1.4341","1.4462","1.4295","129.30K","-0.13%"
"12/01/2023","1.4349","1.4491","1.4539","1.4314","116.87K","-0.95%"
"11/01/2023","1.4486","1.4518","1.4551","1.4436","118.41K","-0.21%"
"10/01/2023","1.4516","1.4457","1.4579","1.4431","129.19K","0.35%"
"09/01/2023","1.4465","1.4543","1.4559","1.4387","129.47K","-0.52%"
"06/01/2023","1.4541","1.4808","1.4878","1.4518","137.30K","-1.79%"
"05/01/2023","1.4806","1.4635","1.4849","1.4606","115.13K","1.26%"
"04/01/2023","1.4622","1.4850","1.4889","1.4519","135.65K","-1.61%"
"03/01/2023","1.4861","1.4701","1.4954","1.4630","137.24K","1.12%"
"02/01/2023","1.4697","1.4676","1.4722","1.4649","16.69K","0.16%"
"30/12/2022","1.4674","1.4764","1.4806","1.4657","110.48K","-0.51%"
"29/12/2022","1.4749","1.4844","1.4903","1.4731","92.61K","-0.61%"
"28/12/2022","1.4839","1.4859","1.4884","1.4701","89.54K","-0.07%"
"27/12/2022","1.4850","1.4869","1.4876","1.4755","104.81K","-0.09%"
"26/12/2022","1.4863","1.4921","1.4959","1.4857","4.81K","-0.13%"
"23/12/2022","1.4883","1.5004","1.5017","1.4867","120.91K","-0.76%"
"22/12/2022","1.4997","1.4912","1.5039","1.4774","116.12K","0.60%"
"21/12/2022","1.4908","1.4979","1.5025","1.4860","119.51K","-0.43%"
"20/12/2022","1.4972","1.4926","1.5088","1.4827","146.66K","0.33%"
"19/12/2022","1.4923","1.4896","1.4966","1.4851","119.90K","-0.23%"
"16/12/2022","1.4957","1.4920","1.4981","1.4844","105.37K","0.25%"
"15/12/2022","1.4919","1.4569","1.4979","1.4555","122.85K","2.42%"
"14/12/2022","1.4567","1.4590","1.4686","1.4530","127.78K","-0.14%"
"13/12/2022","1.4588","1.4827","1.4839","1.4504","113.67K","-1.57%"
"12/12/2022","1.4821","1.4699","1.4862","1.4692","103.28K","0.74%"
"09/12/2022","1.4712","1.4777","1.4828","1.4675","116.46K","-0.40%"
"08/12/2022","1.4771","1.4872","1.4930","1.4745","125.01K","-0.63%"
"07/12/2022","1.4865","1.4941","1.4998","1.4829","138.90K","-0.50%"
"06/12/2022","1.4939","1.4926","1.4969","1.4825","125.10K","0.07%"
"05/12/2022","1.4928","1.4701","1.4956","1.4596","128.79K","1.38%"
"02/12/2022","1.4725","1.4684","1.4830","1.4625","122.79K","0.32%"
"01/12/2022","1.4678","1.4739","1.4748","1.4608","148.63K","-0.37%"
"30/11/2022","1.4732","1.4953","1.4994","1.4703","133.56K","-1.45%"
"29/11/2022","1.4948","1.5040","1.5061","1.4815","109.36K","-0.55%"
"28/11/2022","1.5031","1.4850","1.5057","1.4844","108.21K","1.51%"
"25/11/2022","1.4808","1.4784","1.4881","1.4745","88.78K","0.18%"
"24/11/2022","1.4782","1.4856","1.4869","1.4752","85.98K","-0.47%"
"23/11/2022","1.4852","1.5040","1.5075","1.4838","90.96K","-1.24%"
"22/11/2022","1.5038","1.5147","1.5154","1.5031","103.63K","-0.64%"
"21/11/2022","1.5135","1.4978","1.5187","1.4952","118.85K","0.99%"
"18/11/2022","1.4986","1.4959","1.5013","1.4856","122.37K","0.15%"
"17/11/2022","1.4963","1.4846","1.5075","1.4810","131.61K","0.88%"
"16/11/2022","1.4832","1.4815","1.4882","1.4719","136.05K","0.24%"
"15/11/2022","1.4797","1.4921","1.4959","1.4710","144.04K","-0.89%"
"14/11/2022","1.4930","1.4920","1.5010","1.4869","133.79K","0.09%"
"11/11/2022","1.4916","1.5108","1.5204","1.4887","123.57K","-1.27%"
"10/11/2022","1.5108","1.5551","1.5660","1.5078","121.09K","-2.82%"
"09/11/2022","1.5547","1.5375","1.5591","1.5330","111.96K","1.13%"
"08/11/2022","1.5373","1.5435","1.5520","1.5261","115.29K","-0.38%"
"07/11/2022","1.5432","1.5580","1.5623","1.5404","135.57K","-0.19%"
"04/11/2022","1.5461","1.5901","1.5913","1.5423","129.99K","-2.77%"
"03/11/2022","1.5901","1.5742","1.5945","1.5692","111.93K","1.04%"
"02/11/2022","1.5738","1.5635","1.5756","1.5402","112.94K","0.68%"
"01/11/2022","1.5632","1.5626","1.5683","1.5468","116.19K","0.04%"
"31/10/2022","1.5625","1.5606","1.5705","1.5554","117.27K","0.21%"
"28/10/2022","1.5593","1.5502","1.5653","1.5431","115.99K","0.59%"
"27/10/2022","1.5501","1.5389","1.5564","1.5328","137.13K","0.74%"
"26/10/2022","1.5387","1.5643","1.5694","1.5356","121.13K","-1.59%"
"25/10/2022","1.5635","1.5842","1.5867","1.5592","114.58K","-1.25%"
"24/10/2022","1.5833","1.5680","1.5945","1.5596","144.08K","1.00%"
"21/10/2022","1.5676","1.5934","1.6103","1.5640","122.38K","-1.54%"
"20/10/2022","1.5921","1.5947","1.6058","1.5730","138.80K","-0.14%"
"19/10/2022","1.5944","1.5848","1.5998","1.5806","130.90K","0.64%"
"18/10/2022","1.5843","1.5896","1.5961","1.5772","145.05K","-0.31%"
"17/10/2022","1.5893","1.6144","1.6151","1.5841","123.78K","-1.49%"
"14/10/2022","1.6134","1.5876","1.6145","1.5753","159.31K","1.68%"
"13/10/2022","1.5868","1.5930","1.6208","1.5828","137.26K","-0.38%"
"12/10/2022","1.5929","1.5944","1.6039","1.5874","144.81K","-0.09%"
"11/10/2022","1.5944","1.5863","1.6009","1.5755","146.86K","0.54%"
"10/10/2022","1.5858","1.5682","1.5938","1.5656","134.21K","1.01%"
"07/10/2022","1.5699","1.5618","1.5739","1.5543","103.54K","0.62%"
"06/10/2022","1.5603","1.5412","1.5654","1.5286","140.74K","1.23%"
"05/10/2022","1.5413","1.5379","1.5585","1.5320","134.62K","0.26%"
"04/10/2022","1.5373","1.5345","1.5504","1.5270","125.05K","0.19%"
"03/10/2022","1.5344","1.5601","1.5627","1.5331","131.30K","-1.70%"
"30/09/2022","1.5610","1.5383","1.5650","1.5326","130.03K","1.48%"
"29/09/2022","1.5382","1.5332","1.5540","1.5321","132.01K","0.35%"
"28/09/2022","1.5328","1.5538","1.5717","1.5311","146.56K","-1.35%"
"27/09/2022","1.5538","1.5492","1.5592","1.5351","142.79K","0.36%"
"26/09/2022","1.5482","1.5339","1.5536","1.5292","147.75K","1.08%"
"23/09/2022","1.5316","1.5049","1.5359","1.5023","125.85K","1.82%"
"22/09/2022","1.5042","1.5083","1.5213","1.4989","143.12K","-0.23%"
"21/09/2022","1.5076","1.4943","1.5103","1.4912","118.92K","0.86%"
"20/09/2022","1.4948","1.4864","1.4979","1.4818","108.86K","0.56%"
"19/09/2022","1.4865","1.4903","1.4988","1.4848","97.80K","-0.08%"
"16/09/2022","1.4877","1.4918","1.4994","1.4869","103.66K","-0.26%"
"15/09/2022","1.4916","1.4818","1.4936","1.4768","105.77K","0.68%"
"14/09/2022","1.4815","1.4857","1.4916","1.4790","127.10K","-0.28%"
"13/09/2022","1.4857","1.4514","1.4868","1.4456","106.96K","2.35%"
"12/09/2022","1.4516","1.4604","1.4704","1.4491","83.00K","-0.66%"
"09/09/2022","1.4613","1.4812","1.4823","1.4538","112.96K","-1.33%"
"08/09/2022","1.4810","1.4772","1.4897","1.4762","125.34K","0.26%"
"07/09/2022","1.4771","1.4847","1.4930","1.4770","115.73K","-0.49%"
"06/09/2022","1.4843","1.4714","1.4865","1.4633","132.74K","0.89%"
"05/09/2022","1.4712","1.4690","1.4767","1.4683","84.58K","0.25%"
"02/09/2022","1.4676","1.4732","1.4754","1.4585","109.15K","-0.35%"
"01/09/2022","1.4728","1.4617","1.4770","1.4602","128.33K","0.75%"
"31/08/2022","1.4618","1.4594","1.4632","1.4481","117.18K","0.18%"
"30/08/2022","1.4592","1.4484","1.4609","1.4373","146.63K","0.76%"
"29/08/2022","1.4482","1.4499","1.4620","1.4436","107.84K","-0.19%"
"26/08/2022","1.4510","1.4330","1.4519","1.4264","115.97K","1.29%"
"25/08/2022","1.4325","1.4472","1.4493","1.4300","116.48K","-1.02%"
"24/08/2022","1.4472","1.4431","1.4538","1.4423","102.33K","0.32%"
"23/08/2022","1.4426","1.4540","1.4587","1.4358","109.49K","-0.79%"
"22/08/2022","1.4541","1.4558","1.4575","1.4429","123.50K","-0.01%"
"19/08/2022","1.4543","1.4451","1.4581","1.4447","113.84K","0.64%"
"18/08/2022","1.4451","1.4428","1.4496","1.4344","118.89K","0.20%"
"17/08/2022","1.4422","1.4242","1.4471","1.4229","118.12K","1.31%"
"16/08/2022","1.4235","1.4239","1.4305","1.4202","100.55K","-0.01%"
"15/08/2022","1.4237","1.4050","1.4264","1.4028","90.07K","1.41%"
"12/08/2022","1.4039","1.4075","1.4115","1.4026","97.20K","-0.24%"
"11/08/2022","1.4073","1.4126","1.4159","1.4010","105.82K","-0.35%"
"10/08/2022","1.4122","1.4358","1.4397","1.4064","106.29K","-1.62%"
"09/08/2022","1.4355","1.4310","1.4383","1.4295","95.16K","0.34%"
"08/08/2022","1.4306","1.4468","1.4498","1.4264","82.46K","-1.13%"
"05/08/2022","1.4470","1.4347","1.4558","1.4335","107.88K","0.89%"
"04/08/2022","1.4343","1.4401","1.4421","1.4304","108.20K","-0.33%"
"03/08/2022","1.4391","1.4451","1.4523","1.4375","107.17K","-0.39%"
"02/08/2022","1.4447","1.4237","1.4467","1.4217","133.41K","1.49%"
"01/08/2022","1.4235","1.4322","1.4356","1.4188","116.02K","-0.54%"
"29/07/2022","1.4312","1.4314","1.4471","1.4219","95.78K","-0.03%"
"28/07/2022","1.4316","1.4302","1.4379","1.4255","111.04K","0.14%"
"27/07/2022","1.4296","1.4413","1.4469","1.4259","99.13K","-0.78%"
"26/07/2022","1.4409","1.4386","1.4448","1.4318","109.37K","0.22%"
"25/07/2022","1.4378","1.4423","1.4536","1.4354","115.40K","-0.40%"
"22/07/2022","1.4436","1.4428","1.4509","1.4330","97.49K","0.06%"
"21/07/2022","1.4428","1.4520","1.4581","1.4412","121.98K","-0.61%"
"20/07/2022","1.4516","1.4496","1.4551","1.4427","116.05K","0.16%"
"19/07/2022","1.4493","1.4682","1.4703","1.4465","100.15K","-1.25%"
"18/07/2022","1.4676","1.4733","1.4745","1.4587","101.12K","-0.27%"
"15/07/2022","1.4715","1.4817","1.4884","1.4690","111.43K","-0.69%"
"14/07/2022","1.4817","1.4790","1.4968","1.4730","132.52K","0.22%"
"13/07/2022","1.4784","1.4800","1.4870","1.4696","126.91K","-0.07%"
"12/07/2022","1.4795","1.4855","1.4902","1.4748","116.79K","-0.34%"
"11/07/2022","1.4846","1.4579","1.4896","1.4572","113.28K","1.83%"
"08/07/2022","1.4579","1.4625","1.4726","1.4545","124.15K","-0.29%"
"07/07/2022","1.4622","1.4758","1.4786","1.4600","119.59K","-0.91%"
"06/07/2022","1.4756","1.4699","1.4790","1.4647","135.64K","0.42%"
"05/07/2022","1.4695","1.4566","1.4791","1.4501","137.87K","0.89%"
"04/07/2022","1.4565","1.4679","1.4721","1.4514","102.71K","-0.72%"
"01/07/2022","1.4671","1.4487","1.4786","1.4480","96.93K","1.29%"
"30/06/2022","1.4484","1.4529","1.4593","1.4450","120.45K","-0.31%"
"29/06/2022","1.4529","1.4475","1.4574","1.4448","108.33K","0.38%"
"28/06/2022","1.4474","1.4447","1.4484","1.4356","115.56K","0.25%"
"27/06/2022","1.4438","1.4406","1.4478","1.4369","108.13K","0.35%"
"24/06/2022","1.4388","1.4508","1.4520","1.4371","116.82K","-0.85%"
"23/06/2022","1.4512","1.4440","1.4560","1.4431","127.63K","0.54%"
"22/06/2022","1.4434","1.4345","1.4534","1.4339","105.16K","0.61%"
"21/06/2022","1.4347","1.4389","1.4423","1.4297","104.80K","-0.24%"
"20/06/2022","1.4382","1.4444","1.4463","1.4292","89.84K","-0.20%"
"17/06/2022","1.4411","1.4191","1.4499","1.4176","141.08K","1.57%"
"16/06/2022","1.4188","1.4280","1.4403","1.4144","134.69K","-0.63%"
"15/06/2022","1.4278","1.4558","1.4568","1.4235","125.68K","-1.90%"
"14/06/2022","1.4554","1.4442","1.4598","1.4344","122.97K","0.79%"
"13/06/2022","1.4440","1.4205","1.4470","1.4172","108.33K","1.85%"
"10/06/2022","1.4178","1.4089","1.4212","1.4007","102.94K","0.65%"
"09/06/2022","1.4086","1.3903","1.4098","1.3892","94.42K","1.34%"
"08/06/2022","1.3900","1.3820","1.3937","1.3819","95.04K","0.51%"
"07/06/2022","1.3829","1.3902","1.3973","1.3799","88.25K","-0.51%"
"06/06/2022","1.3900","1.3872","1.3915","1.3827","71.34K","0.19%"
"03/06/2022","1.3873","1.3765","1.3887","1.3729","56.52K","0.81%"
"02/06/2022","1.3761","1.3935","1.4005","1.3754","75.06K","-1.25%"
"01/06/2022","1.3935","1.3936","1.3976","1.3829","81.64K","0.00%"
"31/05/2022","1.3935","1.3893","1.3988","1.3880","87.48K","0.33%"
"30/05/2022","1.3889","1.3975","1.3988","1.3888","63.38K","-0.53%"
"27/05/2022","1.3963","1.4089","1.4106","1.3951","85.63K","-0.87%"
"26/05/2022","1.4085","1.4110","1.4171","1.4063","90.49K","-0.06%"
"25/05/2022","1.4094","1.4077","1.4216","1.4044","108.79K","0.13%"
"24/05/2022","1.4075","1.4067","1.4171","1.4057","118.90K","0.03%"
"23/05/2022","1.4071","1.4176","1.4204","1.4028","104.03K","-1.01%"
"20/05/2022","1.4215","1.4184","1.4282","1.4135","115.71K","0.26%"
"19/05/2022","1.4178","1.4378","1.4385","1.4137","132.39K","-1.36%"
"18/05/2022","1.4374","1.4227","1.4391","1.4188","110.43K","1.06%"
"17/05/2022","1.4223","1.4346","1.4354","1.4202","112.58K","-0.84%"
"16/05/2022","1.4343","1.4434","1.4552","1.4320","116.32K","-0.44%"
"13/05/2022","1.4407","1.4585","1.4592","1.4405","95.98K","-1.17%"
"12/05/2022","1.4577","1.4413","1.4645","1.4379","123.32K","1.15%"
"11/05/2022","1.4411","1.4414","1.4435","1.4174","118.16K","0.01%"
"10/05/2022","1.4409","1.4378","1.4472","1.4311","128.82K","0.24%"
"09/05/2022","1.4374","1.4129","1.4400","1.4114","110.25K","1.76%"
"06/05/2022","1.4126","1.4061","1.4167","1.4013","116.35K","0.48%"
"05/05/2022","1.4059","1.3772","1.4131","1.3760","112.27K","2.12%"
"04/05/2022","1.3767","1.4094","1.4108","1.3762","93.06K","-2.31%"
"03/05/2022","1.4092","1.4182","1.4191","1.3989","96.51K","-0.63%"
"02/05/2022","1.4182","1.4139","1.4226","1.4117","74.54K","0.20%"
"29/04/2022","1.4154","1.4098","1.4169","1.3926","111.96K","0.44%"
"28/04/2022","1.4092","1.4034","1.4175","1.3960","101.41K","0.45%"
"27/04/2022","1.4029","1.4039","1.4084","1.3905","106.26K","-0.04%"
"26/04/2022","1.4035","1.3931","1.4048","1.3831","111.08K","0.75%"
"25/04/2022","1.3931","1.3757","1.4016","1.3757","112.65K","0.86%"
"22/04/2022","1.3812","1.3561","1.3823","1.3550","83.04K","1.89%"
"21/04/2022","1.3556","1.3423","1.3579","1.3407","99.63K","1.01%"
"20/04/2022","1.3421","1.3559","1.3569","1.3407","91.07K","-1.06%"
"19/04/2022","1.3565","1.3609","1.3615","1.3511","88.00K","-0.29%"
"18/04/2022","1.3604","1.3514","1.3620","1.3502","58.67K","0.66%"
"15/04/2022","1.3515","1.3479","1.3531","1.3465","34.71K","0.30%"
"14/04/2022","1.3475","1.3428","1.3520","1.3388","96.00K","0.43%"
"13/04/2022","1.3417","1.3407","1.3529","1.3376","94.41K","0.10%"
"12/04/2022","1.3403","1.3477","1.3517","1.3343","79.52K","-0.58%"
"11/04/2022","1.3481","1.3434","1.3489","1.3394","67.11K","0.53%"
"08/04/2022","1.3410","1.3368","1.3467","1.3344","72.08K","0.32%"
"07/04/2022","1.3367","1.3308","1.3393","1.3298","67.54K","0.45%"
"06/04/2022","1.3307","1.3196","1.3358","1.3167","76.35K","0.86%"
"05/04/2022","1.3193","1.3258","1.3272","1.3051","68.48K","-0.48%"
"04/04/2022","1.3256","1.3348","1.3365","1.3232","73.19K","-0.57%"
"01/04/2022","1.3332","1.3364","1.3385","1.3289","91.45K","-0.25%"
"31/03/2022","1.3365","1.3318","1.3388","1.3287","81.69K","0.38%"
"30/03/2022","1.3314","1.3321","1.3331","1.3267","79.06K","0.05%"
"29/03/2022","1.3308","1.3350","1.3412","1.3299","101.82K","-0.32%"
"28/03/2022","1.3351","1.3310","1.3393","1.3261","77.05K","0.32%"
"25/03/2022","1.3308","1.3310","1.3343","1.3266","67.33K","0.00%"
"24/03/2022","1.3308","1.3337","1.3395","1.3283","63.73K","-0.17%"
"23/03/2022","1.3330","1.3388","1.3424","1.3320","80.53K","-0.44%"
"22/03/2022","1.3389","1.3512","1.3559","1.3383","77.72K","-0.90%"
"21/03/2022","1.3510","1.3510","1.3562","1.3467","77.94K","0.18%"
"18/03/2022","1.3486","1.3558","1.3587","1.3479","63.37K","-0.50%"
"17/03/2022","1.3554","1.3714","1.3733","1.3525","72.77K","-1.18%"
"16/03/2022","1.3716","1.3897","1.3929","1.3704","84.84K","-1.29%"
"15/03/2022","1.3895","1.3912","1.3958","1.3834","101.16K","-0.11%"
"14/03/2022","1.3910","1.3718","1.3917","1.3694","89.38K","1.43%"
"11/03/2022","1.3714","1.3600","1.3733","1.3571","97.92K","0.92%"
"10/03/2022","1.3589","1.3655","1.3724","1.3571","92.95K","-0.48%"
"09/03/2022","1.3654","1.3757","1.3768","1.3627","99.87K","-0.73%"
"08/03/2022","1.3755","1.3665","1.3804","1.3607","127.65K","0.69%"
"07/03/2022","1.3661","1.3567","1.3678","1.3437","127.68K","0.71%"
"04/03/2022","1.3565","1.3645","1.3700","1.3548","114.13K","-0.57%"
"03/03/2022","1.3643","1.3706","1.3745","1.3607","99.31K","-0.42%"
"02/03/2022","1.3701","1.3792","1.3808","1.3685","95.00K","-0.60%"
"01/03/2022","1.3784","1.3771","1.3817","1.3716","108.43K","0.12%"
"28/02/2022","1.3767","1.3918","1.3982","1.3762","113.97K","-0.38%"
"25/02/2022","1.3820","1.3961","1.4004","1.3815","113.49K","-1.00%"
"24/02/2022","1.3959","1.3822","1.4095","1.3821","145.83K","0.99%"
"23/02/2022","1.3822","1.3851","1.3855","1.3726","79.15K","-0.20%"
"22/02/2022","1.3850","1.3910","1.3945","1.3823","99.77K","-0.40%"
"21/02/2022","1.3906","1.3947","1.3963","1.3843","72.89K","-0.22%"
"18/02/2022","1.3937","1.3916","1.3958","1.3833","90.33K","0.18%"
"17/02/2022","1.3912","1.3897","1.3989","1.3853","109.19K","0.12%"
"16/02/2022","1.3895","1.3983","1.4001","1.3877","88.29K","-0.62%"
"15/02/2022","1.3982","1.4031","1.4083","1.3971","81.04K","-0.35%"
"14/02/2022","1.4031","1.4020","1.4113","1.3983","101.71K","0.14%"
"11/02/2022","1.4011","1.3955","1.4069","1.3915","107.20K","0.40%"
"10/02/2022","1.3955","1.3930","1.3992","1.3794","81.22K","0.19%"
"09/02/2022","1.3928","1.3993","1.4004","1.3897","64.43K","-0.46%"
"08/02/2022","1.3992","1.4037","1.4074","1.3989","94.96K","-0.28%"
"07/02/2022","1.4031","1.4130","1.4155","1.4023","80.73K","-0.69%"
"04/02/2022","1.4128","1.4004","1.4182","1.3980","99.60K","0.90%"
"03/02/2022","1.4002","1.4016","1.4067","1.3948","94.04K","-0.06%"
"02/02/2022","1.4010","1.4029","1.4050","1.3968","67.00K","-0.12%"
"01/02/2022","1.4027","1.4146","1.4220","1.4022","73.31K","-0.84%"
"31/01/2022","1.4146","1.4286","1.4321","1.4130","74.00K","-1.15%"
"28/01/2022","1.4310","1.4223","1.4353","1.4190","95.31K","0.68%"
"27/01/2022","1.4213","1.4053","1.4238","1.4039","98.08K","1.14%"
"26/01/2022","1.4053","1.3988","1.4092","1.3923","92.25K","0.51%"
"25/01/2022","1.3982","1.4002","1.4044","1.3935","116.42K","-0.14%"
"24/01/2022","1.4002","1.3935","1.4105","1.3910","111.55K","0.60%"
"21/01/2022","1.3918","1.3837","1.3946","1.3827","102.13K","0.59%"
"20/01/2022","1.3837","1.3867","1.3874","1.3741","93.01K","-0.21%"
"19/01/2022","1.3866","1.3918","1.3935","1.3812","105.47K","-0.34%"
"18/01/2022","1.3914","1.3872","1.3948","1.3832","110.58K","0.35%"
"17/01/2022","1.3866","1.3865","1.3899","1.3830","77.28K","-0.05%"
"14/01/2022","1.3873","1.3729","1.3894","1.3708","85.00K","1.09%"
"13/01/2022","1.3723","1.3726","1.3750","1.3670","77.08K","-0.01%"
"12/01/2022","1.3725","1.3870","1.3890","1.3711","62.29K","-1.03%"
"11/01/2022","1.3868","1.3949","1.3977","1.3861","60.36K","-0.52%"
"10/01/2022","1.3941","1.3947","1.3989","1.3882","58.30K","0.09%"
"07/01/2022","1.3928","1.3963","1.4027","1.3911","66.78K","-0.21%"
"06/01/2022","1.3957","1.3849","1.3997","1.3843","94.67K","0.79%"
"05/01/2022","1.3848","1.3813","1.3861","1.3748","68.10K","0.26%"
"04/01/2022","1.3812","1.3901","1.3919","1.3792","61.97K","-0.65%"
"03/01/2022","1.3902","1.3770","1.3921","1.3739","50.96K","0.96%"
"31/12/2021","1.3770","1.3784","1.3806","1.3740","52.93K","-0.14%"
"30/12/2021","1.3789","1.3795","1.3807","1.3742","43.96K","0.03%"
"29/12/2021","1.3785","1.3833","1.3865","1.3750","44.47K","-0.33%"
"28/12/2021","1.3831","1.3822","1.3852","1.3766","36.58K","0.15%"
"27/12/2021","1.3810","1.3846","1.3878","1.3803","30.32K","-0.20%"
"24/12/2021","1.3837","1.3807","1.3855","1.3798","55.28K","0.26%"
"23/12/2021","1.3801","1.3862","1.3899","1.3788","61.91K","-0.43%"
"22/12/2021","1.3860","1.3982","1.4045","1.3847","54.50K","-0.82%"
"21/12/2021","1.3974","1.4061","1.4089","1.3971","72.79K","-0.58%"
"20/12/2021","1.4055","1.4015","1.4121","1.3989","79.90K","0.16%"
"17/12/2021","1.4033","1.3921","1.4041","1.3915","80.65K","0.83%"
"16/12/2021","1.3918","1.3947","1.3997","1.3841","66.92K","-0.22%"
"15/12/2021","1.3949","1.4081","1.4100","1.3931","75.19K","-0.91%"
"14/12/2021","1.4077","1.4025","1.4105","1.4013","70.60K","0.39%"
"13/12/2021","1.4023","1.3998","1.4064","1.3933","60.65K","0.59%"
"10/12/2021","1.3941","1.3986","1.4022","1.3921","72.48K","-0.31%"
"09/12/2021","1.3984","1.3943","1.4015","1.3912","74.27K","0.31%"
"08/12/2021","1.3941","1.4047","1.4056","1.3918","90.12K","-0.74%"
"07/12/2021","1.4045","1.4183","1.4208","1.4037","97.12K","-0.97%"
"06/12/2021","1.4182","1.4291","1.4297","1.4173","78.93K","-0.69%"
"03/12/2021","1.4280","1.4095","1.4301","1.4082","84.85K","1.32%"
"02/12/2021","1.4094","1.4073","1.4117","1.4044","84.38K","0.18%"
"01/12/2021","1.4069","1.4033","1.4095","1.3939","96.01K","0.29%"
"30/11/2021","1.4029","1.3997","1.4159","1.3944","101.83K","0.25%"
"29/11/2021","1.3994","1.4052","1.4061","1.3966","66.55K","-0.26%"
"26/11/2021","1.4031","1.3908","1.4062","1.3889","119.38K","0.91%"
"25/11/2021","1.3904","1.3895","1.3929","1.3869","94.01K","0.08%"
"24/11/2021","1.3893","1.3835","1.3922","1.3831","81.60K","0.43%"
"23/11/2021","1.3833","1.3840","1.3877","1.3817","101.79K","-0.06%"
"22/11/2021","1.3841","1.3822","1.3849","1.3746","106.91K","0.15%"
"19/11/2021","1.3820","1.3736","1.3838","1.3713","67.69K","0.60%"
"18/11/2021","1.3738","1.3757","1.3795","1.3709","88.38K","-0.15%"
"17/11/2021","1.3759","1.3692","1.3777","1.3686","78.71K","0.51%"
"16/11/2021","1.3689","1.3611","1.3714","1.3571","71.54K","0.59%"
"15/11/2021","1.3609","1.3638","1.3662","1.3566","52.84K","-0.19%"
"12/11/2021","1.3635","1.3703","1.3745","1.3630","53.00K","-0.52%"
"11/11/2021","1.3706","1.3648","1.3724","1.3620","60.00K","0.44%"
"10/11/2021","1.3646","1.3556","1.3655","1.3524","66.53K","0.71%"
"09/11/2021","1.3550","1.3468","1.3587","1.3455","63.37K","0.58%"
"08/11/2021","1.3472","1.3518","1.3544","1.3455","55.73K","-0.27%"
"05/11/2021","1.3508","1.3510","1.3588","1.3489","80.51K","-0.01%"
"04/11/2021","1.3510","1.3426","1.3546","1.3385","82.98K","0.61%"
"03/11/2021","1.3428","1.3461","1.3491","1.3405","82.87K","-0.23%"
"02/11/2021","1.3459","1.3289","1.3478","1.3274","85.22K","1.29%"
"01/11/2021","1.3287","1.3317","1.3360","1.3267","71.66K","-0.05%"
"29/10/2021","1.3293","1.3254","1.3335","1.3234","83.75K","0.31%"
"28/10/2021","1.3252","1.3303","1.3371","1.3234","90.27K","-0.35%"
"27/10/2021","1.3298","1.3331","1.3358","1.3268","72.25K","-0.26%"
"26/10/2021","1.3332","1.3350","1.3363","1.3287","63.21K","-0.10%"
"25/10/2021","1.3346","1.3390","1.3403","1.3321","61.39K","-0.36%"
"22/10/2021","1.3394","1.3392","1.3419","1.3310","78.82K","0.03%"
"21/10/2021","1.3390","1.3306","1.3409","1.3249","68.58K","0.65%"
"20/10/2021","1.3303","1.3382","1.3397","1.3291","63.73K","-0.60%"
"19/10/2021","1.3383","1.3491","1.3502","1.3357","63.94K","-0.81%"
"18/10/2021","1.3492","1.3474","1.3554","1.3444","69.22K","0.21%"
"15/10/2021","1.3464","1.3485","1.3509","1.3439","63.70K","-0.14%"
"14/10/2021","1.3483","1.3552","1.3566","1.3464","51.73K","-0.49%"
"13/10/2021","1.3550","1.3604","1.3657","1.3545","80.89K","-0.40%"
"12/10/2021","1.3604","1.3602","1.3640","1.3540","59.17K","0.03%"
"11/10/2021","1.3600","1.3672","1.3714","1.3562","62.42K","-0.56%"
"08/10/2021","1.3676","1.3672","1.3722","1.3625","70.95K","0.03%"
"07/10/2021","1.3672","1.3750","1.3759","1.3651","69.28K","-0.54%"
"06/10/2021","1.3746","1.3721","1.3840","1.3705","89.38K","0.25%"
"05/10/2021","1.3712","1.3727","1.3796","1.3693","89.84K","-0.14%"
"04/10/2021","1.3731","1.3768","1.3792","1.3689","73.41K","-0.34%"
"01/10/2021","1.3778","1.3841","1.3905","1.3741","75.50K","-0.41%"
"30/09/2021","1.3835","1.3935","1.3943","1.3777","91.13K","-0.67%"
"29/09/2021","1.3928","1.3820","1.3948","1.3764","74.27K","0.81%"
"28/09/2021","1.3816","1.3723","1.3841","1.3675","92.86K","0.68%"
"27/09/2021","1.3723","1.3776","1.3807","1.3707","64.07K","-0.36%"
"24/09/2021","1.3772","1.3704","1.3821","1.3666","57.09K","0.50%"
"23/09/2021","1.3704","1.3801","1.3846","1.3668","71.10K","-0.69%"
"22/09/2021","1.3799","1.3831","1.3845","1.3704","83.36K","-0.20%"
"21/09/2021","1.3826","1.3799","1.3849","1.3728","71.22K","0.30%"
"20/09/2021","1.3784","1.3757","1.3851","1.3744","71.86K","0.17%"
"17/09/2021","1.3761","1.3716","1.3772","1.3655","58.72K","0.33%"
"16/09/2021","1.3716","1.3635","1.3748","1.3611","72.21K","0.62%"
"15/09/2021","1.3631","1.3655","1.3698","1.3624","66.76K","-0.22%"
"14/09/2021","1.3661","1.3571","1.3675","1.3560","76.80K","0.66%"
"13/09/2021","1.3572","1.3588","1.3632","1.3557","60.67K","-0.15%"
"10/09/2021","1.3592","1.3572","1.3610","1.3493","76.66K","0.15%"
"09/09/2021","1.3572","1.3580","1.3612","1.3522","63.54K","-0.03%"
"08/09/2021","1.3576","1.3539","1.3615","1.3504","78.87K","0.33%"
"07/09/2021","1.3532","1.3441","1.3561","1.3388","79.11K","0.69%"
"06/09/2021","1.3439","1.3404","1.3467","1.3396","58.10K","0.25%"
"03/09/2021","1.3405","1.3514","1.3524","1.3371","68.37K","-0.79%"
"02/09/2021","1.3512","1.3575","1.3596","1.3495","61.24K","-0.43%"
"01/09/2021","1.3570","1.3668","1.3685","1.3542","70.75K","-0.71%"
"31/08/2021","1.3667","1.3706","1.3722","1.3620","63.53K","-0.25%"
"30/08/2021","1.3701","1.3680","1.3729","1.3657","40.85K","0.20%"
"27/08/2021","1.3674","1.3820","1.3849","1.3666","67.84K","-1.00%"
"26/08/2021","1.3812","1.3744","1.3825","1.3735","64.28K","0.51%"
"25/08/2021","1.3742","1.3778","1.3819","1.3733","54.62K","-0.25%"
"24/08/2021","1.3776","1.3870","1.3889","1.3752","41.20K","-0.68%"
"23/08/2021","1.3870","1.4032","1.4063","1.3853","51.68K","-1.03%"
"20/08/2021","1.4015","1.3992","1.4074","1.3971","70.79K","0.18%"
"19/08/2021","1.3990","1.3825","1.4003","1.3805","83.81K","1.19%"
"18/08/2021","1.3826","1.3793","1.3836","1.3754","67.36K","0.28%"
"17/08/2021","1.3787","1.3632","1.3808","1.3620","60.45K","1.18%"
"16/08/2021","1.3626","1.3571","1.3664","1.3556","53.17K","0.43%"
"13/08/2021","1.3567","1.3633","1.3640","1.3546","45.10K","-0.47%"
"12/08/2021","1.3631","1.3561","1.3640","1.3554","50.69K","0.52%"
"11/08/2021","1.3561","1.3609","1.3657","1.3532","51.33K","-0.30%"
"10/08/2021","1.3602","1.3633","1.3670","1.3592","52.31K","-0.23%"
"09/08/2021","1.3633","1.3588","1.3647","1.3571","57.08K","0.31%"
"06/08/2021","1.3591","1.3500","1.3614","1.3499","50.24K","0.65%"
"05/08/2021","1.3503","1.3548","1.3559","1.3484","53.87K","-0.33%"
"04/08/2021","1.3548","1.3519","1.3569","1.3464","52.13K","0.25%"
"03/08/2021","1.3514","1.3581","1.3594","1.3496","55.27K","-0.51%"
"02/08/2021","1.3583","1.3621","1.3647","1.3545","50.02K","-0.22%"
"30/07/2021","1.3613","1.3525","1.3642","1.3504","57.36K","0.70%"
"29/07/2021","1.3519","1.3556","1.3590","1.3487","58.71K","-0.26%"
"28/07/2021","1.3554","1.3584","1.3668","1.3546","81.73K","-0.19%"
"27/07/2021","1.3580","1.3539","1.3630","1.3533","65.94K","0.25%"
"26/07/2021","1.3546","1.3574","1.3642","1.3529","51.37K","-0.19%"
"23/07/2021","1.3572","1.3547","1.3594","1.3510","41.80K","0.16%"
"22/07/2021","1.3550","1.3589","1.3621","1.3517","57.51K","-0.27%"
"21/07/2021","1.3587","1.3639","1.3720","1.3582","48.60K","-0.35%"
"20/07/2021","1.3635","1.3617","1.3704","1.3590","62.60K","0.18%"
"19/07/2021","1.3611","1.3511","1.3657","1.3483","68.49K","0.78%"
"16/07/2021","1.3506","1.3463","1.3528","1.3434","51.45K","0.33%"
"15/07/2021","1.3461","1.3367","1.3493","1.3354","50.64K","0.72%"
"14/07/2021","1.3365","1.3428","1.3457","1.3357","50.02K","-0.43%"
"13/07/2021","1.3423","1.3378","1.3465","1.3327","45.57K","0.37%"
"12/07/2021","1.3374","1.3365","1.3428","1.3339","53.26K","0.13%"
"09/07/2021","1.3356","1.3461","1.3497","1.3342","57.35K","-0.77%"
"08/07/2021","1.3459","1.3364","1.3485","1.3351","74.92K","0.71%"
"07/07/2021","1.3364","1.3337","1.3402","1.3270","54.25K","0.20%"
"06/07/2021","1.3337","1.3280","1.3369","1.3157","82.56K","0.44%"
"05/07/2021","1.3278","1.3291","1.3319","1.3266","49.23K","-0.05%"
"02/07/2021","1.3284","1.3387","1.3432","1.3272","45.76K","-0.74%"
"01/07/2021","1.3383","1.3337","1.3405","1.3318","45.11K","0.38%"
"30/06/2021","1.3332","1.3312","1.3348","1.3283","46.24K","0.17%"
"29/06/2021","1.3310","1.3214","1.3322","1.3207","51.05K","0.74%"
"28/06/2021","1.3212","1.3179","1.3239","1.3147","47.00K","0.25%"
"25/06/2021","1.3179","1.3189","1.3195","1.3127","53.39K","-0.05%"
"24/06/2021","1.3186","1.3200","1.3219","1.3171","52.40K","-0.09%"
"23/06/2021","1.3198","1.3238","1.3268","1.3157","51.15K","-0.29%"
"22/06/2021","1.3236","1.3275","1.3345","1.3218","59.08K","-0.24%"
"21/06/2021","1.3268","1.3362","1.3376","1.3249","70.85K","-0.77%"
"18/06/2021","1.3371","1.3240","1.3376","1.3224","74.77K","0.97%"
"17/06/2021","1.3242","1.3139","1.3264","1.3079","68.68K","0.80%"
"16/06/2021","1.3137","1.3007","1.3146","1.2960","52.60K","1.04%"
"15/06/2021","1.3002","1.2967","1.3032","1.2958","45.58K","0.29%"
"14/06/2021","1.2965","1.2979","1.3000","1.2942","35.42K","-0.07%"
"11/06/2021","1.2974","1.2895","1.3009","1.2860","35.63K","0.60%"
"10/06/2021","1.2897","1.2934","1.2957","1.2879","52.41K","-0.29%"
"09/06/2021","1.2935","1.2920","1.2946","1.2881","41.05K","0.15%"
"08/06/2021","1.2915","1.2889","1.2935","1.2880","41.58K","0.16%"
"07/06/2021","1.2895","1.2918","1.2946","1.2876","33.70K","-0.21%"
"04/06/2021","1.2922","1.3058","1.3071","1.2910","47.41K","-1.02%"
"03/06/2021","1.3055","1.2897","1.3082","1.2895","47.62K","1.23%"
"02/06/2021","1.2897","1.2894","1.2963","1.2864","46.07K","0.03%"
"01/06/2021","1.2893","1.2929","1.2936","1.2870","53.61K","-0.29%"
"31/05/2021","1.2930","1.2970","1.2987","1.2915","46.84K","-0.25%"
"28/05/2021","1.2962","1.2915","1.3026","1.2905","59.57K","0.43%"
"27/05/2021","1.2907","1.2920","1.2950","1.2889","87.08K","-0.09%"
"26/05/2021","1.2918","1.2904","1.2936","1.2824","70.83K","0.14%"
"25/05/2021","1.2900","1.2900","1.2933","1.2858","55.43K","0.02%"
"24/05/2021","1.2897","1.2934","1.2978","1.2889","49.72K","-0.26%"
"21/05/2021","1.2930","1.2860","1.2956","1.2847","54.22K","0.56%"
"20/05/2021","1.2858","1.2939","1.2960","1.2849","58.00K","-0.61%"
"19/05/2021","1.2937","1.2832","1.2969","1.2823","68.50K","0.84%"
"18/05/2021","1.2829","1.2885","1.2889","1.2797","56.10K","-0.33%"
"17/05/2021","1.2872","1.2854","1.2937","1.2834","56.39K","0.09%"
"14/05/2021","1.2860","1.2939","1.2965","1.2840","62.86K","-0.58%"
"13/05/2021","1.2935","1.2946","1.3009","1.2908","78.92K","-0.05%"
"12/05/2021","1.2942","1.2753","1.2956","1.2742","74.81K","1.51%"
"11/05/2021","1.2749","1.2769","1.2788","1.2727","66.84K","-0.15%"
"10/05/2021","1.2768","1.2742","1.2778","1.2671","61.87K","0.18%"
"07/05/2021","1.2745","1.2854","1.2885","1.2718","58.52K","-0.83%"
"06/05/2021","1.2852","1.2908","1.2986","1.2840","60.31K","-0.41%"
"05/05/2021","1.2905","1.2977","1.2981","1.2895","47.00K","-0.54%"
"04/05/2021","1.2975","1.2881","1.3030","1.2877","68.66K","0.72%"
"03/05/2021","1.2882","1.2958","1.2977","1.2875","50.78K","-0.58%"
"30/04/2021","1.2957","1.2878","1.2995","1.2845","60.58K","0.62%"
"29/04/2021","1.2877","1.2835","1.2904","1.2791","55.58K","0.37%"
"28/04/2021","1.2830","1.2878","1.2946","1.2817","60.78K","-0.33%"
"27/04/2021","1.2872","1.2824","1.2885","1.2812","57.18K","0.41%"
"26/04/2021","1.2819","1.2913","1.2929","1.2794","50.91K","-0.68%"
"23/04/2021","1.2907","1.2982","1.2992","1.2885","71.70K","-0.50%"
"22/04/2021","1.2972","1.2900","1.3004","1.2878","71.66K","0.58%"
"21/04/2021","1.2897","1.2944","1.2990","1.2881","66.24K","-0.36%"
"20/04/2021","1.2943","1.2885","1.2972","1.2793","76.06K","0.43%"
"19/04/2021","1.2888","1.2923","1.2979","1.2845","67.30K","-0.31%"
"16/04/2021","1.2928","1.2899","1.2948","1.2885","61.33K","0.23%"
"15/04/2021","1.2898","1.2942","1.2979","1.2883","73.94K","-0.35%"
"14/04/2021","1.2943","1.3091","1.3100","1.2923","76.00K","-1.10%"
"13/04/2021","1.3087","1.3118","1.3183","1.3073","73.20K","-0.22%"
"12/04/2021","1.3116","1.3123","1.3167","1.3095","71.59K","-0.02%"
"09/04/2021","1.3118","1.3067","1.3180","1.3051","60.04K","0.41%"
"08/04/2021","1.3065","1.3128","1.3156","1.3053","58.59K","-0.50%"
"07/04/2021","1.3130","1.3049","1.3157","1.3024","61.87K","0.63%"
"06/04/2021","1.3048","1.3068","1.3148","1.3040","53.42K","-0.17%"
"05/04/2021","1.3070","1.3151","1.3163","1.3053","40.92K","-0.58%"
"02/04/2021","1.3146","1.3129","1.3167","1.3091","30.09K","0.16%"
"01/04/2021","1.3125","1.3163","1.3278","1.3123","76.56K","-0.25%"
"31/03/2021","1.3158","1.3163","1.3180","1.3094","63.31K","-0.02%"
"30/03/2021","1.3160","1.3106","1.3185","1.3047","68.78K","0.44%"
"29/03/2021","1.3103","1.3092","1.3134","1.3061","61.04K","0.07%"
"26/03/2021","1.3094","1.3192","1.3203","1.3080","52.02K","-0.75%"
"25/03/2021","1.3193","1.3189","1.3223","1.3132","54.25K","0.05%"
"24/03/2021","1.3186","1.3120","1.3192","1.3095","54.52K","0.56%"
"23/03/2021","1.3113","1.2909","1.3129","1.2904","59.96K","1.60%"
"22/03/2021","1.2907","1.2944","1.3009","1.2891","55.35K","-0.05%"
"19/03/2021","1.2913","1.2889","1.2958","1.2865","77.38K","0.23%"
"18/03/2021","1.2883","1.2826","1.2906","1.2738","84.10K","0.48%"
"17/03/2021","1.2822","1.2914","1.2988","1.2803","64.90K","-0.67%"
"16/03/2021","1.2908","1.2895","1.2969","1.2885","61.71K","0.12%"
"15/03/2021","1.2893","1.2910","1.2978","1.2860","69.34K","0.14%"
"12/03/2021","1.2875","1.2838","1.2946","1.2818","77.99K","0.32%"
"11/03/2021","1.2834","1.2927","1.2950","1.2830","71.75K","-0.72%"
"10/03/2021","1.2927","1.2959","1.3042","1.2910","79.93K","-0.31%"
"09/03/2021","1.2967","1.3068","1.3123","1.2942","109.05K","-0.79%"
"08/03/2021","1.3070","1.3007","1.3097","1.2948","115.73K","0.48%"
"05/03/2021","1.3007","1.2939","1.3119","1.2935","121.35K","0.50%"
"04/03/2021","1.2942","1.2862","1.2975","1.2795","122.62K","0.65%"
"03/03/2021","1.2858","1.2791","1.2870","1.2756","107.95K","0.55%"
"02/03/2021","1.2788","1.2865","1.2927","1.2758","117.00K","-0.58%"
"01/03/2021","1.2862","1.2966","1.2989","1.2841","108.13K","-0.87%"
"26/02/2021","1.2975","1.2703","1.3001","1.2683","130.50K","2.17%"
"25/02/2021","1.2700","1.2550","1.2725","1.2487","119.29K","1.22%"
"24/02/2021","1.2547","1.2641","1.2666","1.2540","101.51K","-0.73%"
"23/02/2021","1.2639","1.2633","1.2692","1.2601","90.25K","0.10%"
"22/02/2021","1.2626","1.2720","1.2736","1.2611","86.94K","-0.62%"
"19/02/2021","1.2705","1.2874","1.2893","1.2694","102.58K","-1.30%"
"18/02/2021","1.2872","1.2901","1.2936","1.2837","87.71K","-0.19%"
"17/02/2021","1.2897","1.2892","1.2948","1.2866","90.99K","0.07%"
"16/02/2021","1.2888","1.2854","1.2914","1.2809","67.01K","0.30%"
"15/02/2021","1.2850","1.2895","1.2907","1.2837","49.38K","-0.29%"
"12/02/2021","1.2888","1.2900","1.2958","1.2878","52.99K","-0.08%"
"11/02/2021","1.2898","1.2950","1.2967","1.2866","54.59K","-0.39%"
"10/02/2021","1.2948","1.2921","1.2960","1.2891","79.77K","0.22%"
"09/02/2021","1.2920","1.2979","1.2988","1.2918","60.78K","-0.49%"
"08/02/2021","1.2984","1.3062","1.3071","1.2961","62.89K","-0.30%"
"05/02/2021","1.3023","1.3156","1.3188","1.3020","70.35K","-1.01%"
"04/02/2021","1.3156","1.3127","1.3180","1.3074","70.53K","0.24%"
"03/02/2021","1.3125","1.3146","1.3157","1.3110","65.45K","-0.14%"
"02/02/2021","1.3144","1.3122","1.3223","1.3049","77.58K","0.18%"
"01/02/2021","1.3120","1.3081","1.3148","1.3048","101.63K","0.29%"
"29/01/2021","1.3082","1.3022","1.3106","1.2978","103.66K","0.51%"
"28/01/2021","1.3016","1.3049","1.3173","1.2990","97.76K","-0.23%"
"27/01/2021","1.3046","1.2915","1.3083","1.2879","89.84K","1.04%"
"26/01/2021","1.2912","1.2964","1.3041","1.2895","69.18K","-0.46%"
"25/01/2021","1.2972","1.2949","1.3017","1.2905","81.06K","0.12%"
"22/01/2021","1.2957","1.2879","1.2984","1.2870","76.80K","0.61%"
"21/01/2021","1.2878","1.2910","1.2920","1.2847","71.87K","-0.22%"
"20/01/2021","1.2907","1.2996","1.3003","1.2885","70.16K","-0.65%"
"19/01/2021","1.2992","1.3019","1.3035","1.2942","73.57K","-0.17%"
"18/01/2021","1.3014","1.2976","1.3058","1.2959","67.26K","0.26%"
"15/01/2021","1.2980","1.2857","1.3020","1.2838","81.10K","0.97%"
"14/01/2021","1.2855","1.2931","1.2941","1.2809","80.94K","-0.56%"
"13/01/2021","1.2928","1.2866","1.2950","1.2849","78.00K","0.51%"
"12/01/2021","1.2863","1.2991","1.3011","1.2856","83.33K","-0.94%"
"11/01/2021","1.2985","1.2894","1.3045","1.2867","78.32K","0.78%"
"08/01/2021","1.2885","1.2881","1.2941","1.2822","94.52K","0.12%"
"07/01/2021","1.2870","1.2818","1.2946","1.2791","89.55K","0.42%"
"06/01/2021","1.2816","1.2887","1.2933","1.2786","107.49K","-0.52%"
"05/01/2021","1.2883","1.3045","1.3054","1.2856","87.31K","-1.25%"
"04/01/2021","1.3046","1.2983","1.3087","1.2918","89.35K","0.53%"
"01/01/2021","1.2977","1.2996","1.3002","1.2978","1.16K","-0.13%"
"31/12/2020","1.2994","1.3011","1.3024","1.2915","73.49K","-0.12%"
"30/12/2020","1.3009","1.3148","1.3156","1.3009","65.76K","-1.04%"
"29/12/2020","1.3146","1.3196","1.3198","1.3115","59.31K","-0.36%"
"28/12/2020","1.3193","1.3186","1.3234","1.3117","68.46K","0.27%"
"25/12/2020","1.3158","1.3163","1.3202","1.3134","6.11K","-0.07%"
"24/12/2020","1.3167","1.3204","1.3217","1.3145","64.69K","-0.22%"
"23/12/2020","1.3196","1.3293","1.3304","1.3171","77.76K","-0.73%"
"22/12/2020","1.3293","1.3186","1.3304","1.3171","85.21K","0.86%"
"21/12/2020","1.3180","1.3162","1.3402","1.3141","97.97K","0.51%"
"18/12/2020","1.3113","1.3120","1.3190","1.3106","64.33K","-0.04%"
"17/12/2020","1.3118","1.3198","1.3218","1.3089","60.04K","-0.59%"
"16/12/2020","1.3196","1.3230","1.3266","1.3194","64.77K","-0.23%"
"15/12/2020","1.3226","1.3272","1.3322","1.3205","61.44K","-0.29%"
"14/12/2020","1.3264","1.3264","1.3290","1.3194","64.85K","-0.05%"
"11/12/2020","1.3271","1.3273","1.3299","1.3204","66.66K","0.00%"
"10/12/2020","1.3271","1.3425","1.3466","1.3262","69.35K","-1.17%"
"09/12/2020","1.3428","1.3491","1.3507","1.3358","66.24K","-0.46%"
"08/12/2020","1.3490","1.3475","1.3517","1.3447","62.83K","0.13%"
"07/12/2020","1.3473","1.3450","1.3566","1.3415","71.19K","0.07%"
"04/12/2020","1.3464","1.3443","1.3496","1.3432","71.94K","0.19%"
"03/12/2020","1.3439","1.3490","1.3519","1.3422","68.39K","-0.31%"
"02/12/2020","1.3481","1.3567","1.3605","1.3475","74.09K","-0.59%"
"01/12/2020","1.3561","1.3615","1.3624","1.3560","68.38K","-0.37%"
"30/11/2020","1.3611","1.3527","1.3626","1.3498","69.61K","0.56%"
"27/11/2020","1.3535","1.3583","1.3604","1.3512","61.61K","-0.33%"
"26/11/2020","1.3580","1.3580","1.3601","1.3558","54.08K","0.01%"
"25/11/2020","1.3578","1.3585","1.3653","1.3560","75.37K","-0.04%"
"24/11/2020","1.3583","1.3725","1.3731","1.3571","76.49K","-1.02%"
"23/11/2020","1.3723","1.3689","1.3766","1.3627","69.10K","0.26%"
"20/11/2020","1.3687","1.3721","1.3764","1.3651","73.84K","-0.21%"
"19/11/2020","1.3716","1.3689","1.3786","1.3685","75.67K","0.22%"
"18/11/2020","1.3686","1.3698","1.3752","1.3638","76.22K","-0.04%"
"17/11/2020","1.3691","1.3663","1.3720","1.3623","74.12K","0.22%"
"16/11/2020","1.3661","1.3769","1.3786","1.3647","77.62K","-0.68%"
"13/11/2020","1.3755","1.3828","1.3849","1.3747","72.84K","-0.51%"
"12/11/2020","1.3826","1.3733","1.3846","1.3709","86.39K","0.69%"
"11/11/2020","1.3731","1.3729","1.3775","1.3662","81.01K","0.04%"
"10/11/2020","1.3725","1.3725","1.3789","1.3707","107.49K","0.00%"
"09/11/2020","1.3725","1.3783","1.3783","1.3622","113.67K","-0.34%"
"06/11/2020","1.3772","1.3731","1.3815","1.3720","105.71K","0.31%"
"05/11/2020","1.3729","1.3922","1.3997","1.3716","113.21K","-1.40%"
"04/11/2020","1.3924","1.3958","1.4187","1.3846","141.24K","-0.22%"
"03/11/2020","1.3955","1.4176","1.4231","1.3935","74.61K","-1.53%"
"02/11/2020","1.4172","1.4218","1.4304","1.4167","86.81K","-0.40%"
"30/10/2020","1.4229","1.4226","1.4264","1.4137","95.39K","0.03%"
"29/10/2020","1.4225","1.4194","1.4283","1.4129","96.74K","0.23%"
"28/10/2020","1.4192","1.4033","1.4210","1.3969","90.75K","1.19%"
"27/10/2020","1.4025","1.4039","1.4056","1.3989","73.07K","-0.09%"
"26/10/2020","1.4037","1.4027","1.4080","1.3991","79.00K","0.24%"
"23/10/2020","1.4004","1.4050","1.4084","1.3968","67.53K","-0.31%"
"22/10/2020","1.4047","1.4049","1.4115","1.4032","80.96K","-0.01%"
"21/10/2020","1.4049","1.4190","1.4193","1.4010","72.40K","-0.97%"
"20/10/2020","1.4186","1.4148","1.4245","1.4136","69.69K","0.28%"
"19/10/2020","1.4146","1.4108","1.4169","1.4053","70.30K","0.18%"
"16/10/2020","1.4120","1.4096","1.4145","1.4088","70.73K","0.21%"
"15/10/2020","1.4090","1.3963","1.4173","1.3942","86.65K","0.94%"
"14/10/2020","1.3959","1.3965","1.3983","1.3904","72.18K","-0.04%"
"13/10/2020","1.3965","1.3872","1.3987","1.3861","79.60K","0.70%"
"12/10/2020","1.3868","1.3842","1.3884","1.3817","66.45K","0.42%"
"09/10/2020","1.3810","1.3951","1.3967","1.3804","60.60K","-1.01%"
"08/10/2020","1.3951","1.4004","1.4041","1.3944","66.21K","-0.39%"
"07/10/2020","1.4006","1.4081","1.4093","1.3981","79.00K","-0.46%"
"06/10/2020","1.4071","1.3926","1.4086","1.3870","85.68K","1.04%"
"05/10/2020","1.3926","1.3986","1.3986","1.3900","76.23K","-0.22%"
"02/10/2020","1.3957","1.3920","1.4025","1.3907","102.78K","0.28%"
"01/10/2020","1.3918","1.3963","1.3978","1.3869","91.39K","-0.29%"
"30/09/2020","1.3959","1.4025","1.4086","1.3934","91.21K","-0.48%"
"29/09/2020","1.4027","1.4143","1.4148","1.4007","69.18K","-0.80%"
"28/09/2020","1.4140","1.4229","1.4268","1.4133","73.63K","-0.61%"
"25/09/2020","1.4227","1.4192","1.4274","1.4109","83.41K","0.26%"
"24/09/2020","1.4190","1.4140","1.4254","1.4118","88.10K","0.45%"
"23/09/2020","1.4126","1.3945","1.4149","1.3931","91.07K","1.33%"
"22/09/2020","1.3941","1.3839","1.3979","1.3819","85.34K","0.72%"
"21/09/2020","1.3841","1.3686","1.3892","1.3651","85.33K","0.91%"
"18/09/2020","1.3716","1.3674","1.3733","1.3634","84.40K","0.32%"
"17/09/2020","1.3672","1.3684","1.3787","1.3668","90.77K","-0.10%"
"16/09/2020","1.3686","1.3695","1.3741","1.3612","75.60K","-0.05%"
"15/09/2020","1.3693","1.3720","1.3762","1.3618","66.59K","-0.19%"
"14/09/2020","1.3719","1.3740","1.3768","1.3690","52.51K","-0.06%"
"11/09/2020","1.3727","1.3782","1.3792","1.3686","68.66K","-0.36%"
"10/09/2020","1.3776","1.3733","1.3799","1.3651","82.48K","0.34%"
"09/09/2020","1.3729","1.3862","1.3905","1.3720","81.88K","-0.95%"
"08/09/2020","1.3860","1.3743","1.3870","1.3679","81.09K","0.90%"
"07/09/2020","1.3736","1.3733","1.3756","1.3700","66.02K","0.04%"
"04/09/2020","1.3731","1.3750","1.3848","1.3700","89.86K","-0.12%"
"03/09/2020","1.3748","1.3626","1.3766","1.3623","91.24K","0.91%"
"02/09/2020","1.3624","1.3565","1.3698","1.3545","80.49K","0.45%"
"01/09/2020","1.3563","1.3556","1.3590","1.3487","87.88K","0.05%"
"31/08/2020","1.3556","1.3592","1.3625","1.3507","74.12K","-0.12%"
"28/08/2020","1.3572","1.3767","1.3785","1.3569","85.85K","-1.45%"
"27/08/2020","1.3772","1.3828","1.3856","1.3714","83.22K","-0.36%"
"26/08/2020","1.3822","1.3899","1.3915","1.3810","71.06K","-0.54%"
"25/08/2020","1.3897","1.3961","1.3986","1.3892","70.05K","-0.46%"
"24/08/2020","1.3961","1.3976","1.3992","1.3878","68.00K","0.00%"
"21/08/2020","1.3961","1.3902","1.4009","1.3857","76.22K","0.44%"
"20/08/2020","1.3900","1.3926","1.4015","1.3882","76.63K","-0.14%"
"19/08/2020","1.3920","1.3810","1.3931","1.3743","72.09K","0.83%"
"18/08/2020","1.3805","1.3861","1.3874","1.3764","65.47K","-0.38%"
"17/08/2020","1.3858","1.3960","1.3968","1.3834","59.87K","-0.60%"
"14/08/2020","1.3941","1.3988","1.4022","1.3934","63.14K","-0.29%"
"13/08/2020","1.3982","1.3967","1.4015","1.3910","71.40K","0.16%"
"12/08/2020","1.3959","1.4000","1.4068","1.3933","79.18K","-0.28%"
"11/08/2020","1.3998","1.3984","1.4016","1.3907","76.07K","0.10%"
"10/08/2020","1.3984","1.3965","1.4007","1.3918","65.06K","0.11%"
"07/08/2020","1.3968","1.3826","1.3998","1.3804","76.43K","1.10%"
"06/08/2020","1.3816","1.3904","1.3940","1.3811","82.23K","-0.62%"
"05/08/2020","1.3902","1.3966","1.3981","1.3808","77.35K","-0.44%"
"04/08/2020","1.3963","1.4037","1.4076","1.3950","85.04K","-0.51%"
"03/08/2020","1.4035","1.3994","1.4133","1.3977","83.80K","0.26%"
"31/07/2020","1.3998","1.3901","1.4020","1.3834","109.54K","0.71%"
"30/07/2020","1.3899","1.3918","1.4045","1.3891","100.91K","-0.06%"
"29/07/2020","1.3908","1.3970","1.3990","1.3895","91.96K","-0.43%"
"28/07/2020","1.3968","1.3988","1.4060","1.3933","99.41K","-0.11%"
"27/07/2020","1.3984","1.4094","1.4114","1.3983","99.90K","-0.63%"
"24/07/2020","1.4073","1.4088","1.4158","1.4034","106.24K","-0.09%"
"23/07/2020","1.4086","1.4008","1.4105","1.3962","102.76K","0.61%"
"22/07/2020","1.4000","1.4029","1.4062","1.3921","93.67K","-0.21%"
"21/07/2020","1.4029","1.4257","1.4266","1.3991","81.73K","-1.59%"
"20/07/2020","1.4255","1.4303","1.4343","1.4248","77.29K","-0.22%"
"17/07/2020","1.4286","1.4343","1.4354","1.4272","88.25K","-0.38%"
"16/07/2020","1.4341","1.4274","1.4363","1.4258","104.05K","0.52%"
"15/07/2020","1.4267","1.4343","1.4350","1.4207","101.23K","-0.47%"
"14/07/2020","1.4335","1.4409","1.4450","1.4330","94.80K","-0.49%"
"13/07/2020","1.4405","1.4383","1.4412","1.4297","81.67K","0.13%"
"10/07/2020","1.4386","1.4360","1.4445","1.4346","84.27K","0.20%"
"09/07/2020","1.4358","1.4320","1.4390","1.4282","87.43K","0.28%"
"08/07/2020","1.4318","1.4395","1.4437","1.4313","79.09K","-0.52%"
"07/07/2020","1.4393","1.4343","1.4448","1.4288","77.25K","0.38%"
"06/07/2020","1.4339","1.4419","1.4444","1.4309","70.81K","-0.39%"
"03/07/2020","1.4395","1.4445","1.4466","1.4387","71.55K","-0.33%"
"02/07/2020","1.4443","1.4461","1.4492","1.4381","86.74K","-0.10%"
"01/07/2020","1.4457","1.4487","1.4542","1.4400","83.35K","-0.19%"